sample_accession	hq_filter	sylph_species	country	collection_date
SAMEA2674441	PASS	Neisseria meningitidis	Netherlands	2006/2012
SAMEA4948775	PASS	Neisseria meningitidis		
SAMEA7741165	PASS	Neisseria meningitidis		
SAMEA7838438	PASS	Neisseria meningitidis		
SAMEA7838551	PASS	Neisseria meningitidis		
SAMEA7741044	PASS	Neisseria meningitidis		
SAMEA7838407	PASS	Neisseria meningitidis		
SAMEA7839004	PASS	Neisseria meningitidis		
SAMEA8114433	PASS	Neisseria meningitidis		
SAMEA4948111	PASS	Neisseria meningitidis		
SAMEA4948327	PASS	Neisseria meningitidis		
SAMEA104354114	PASS	Neisseria meningitidis	New Zealand	1997
SAMEA1904524	PASS	Neisseria meningitidis	United Kingdom	2012
SAMEA2820832	PASS	Neisseria meningitidis		
SAMEA4948367	PASS	Neisseria meningitidis		
SAMEA7838343	PASS	Neisseria meningitidis		
SAMEA8114421	PASS	Neisseria meningitidis		
SAMN44030901	PASS	Neisseria meningitidis	New Zealand	1996
SAMEA2820820	PASS	Neisseria meningitidis		
SAMEA2820904	CHECKM2_MAX_CONTAM,MAX_CONTIG_NUM	Neisseria meningitidis		
SAMEA4948618	PASS	Neisseria meningitidis		
SAMEA4948777	PASS	Neisseria meningitidis		
SAMEA6227671	CHECKM2_MAX_CONTAM,MAX_CONTIG_NUM	Neisseria meningitidis		
SAMEA7838322	PASS	Neisseria meningitidis		
SAMEA2271295	PASS	Neisseria meningitidis		
SAMEA2820745	PASS	Neisseria meningitidis		
SAMEA3503831	SYLPH_RESULTS_FAIL	unknown		
SAMEA7838293	PASS	Neisseria meningitidis		
SAMEA7838990	PASS	Neisseria meningitidis		
SAMEA4948564	PASS	Neisseria meningitidis		
SAMEA2173366	PASS	Neisseria meningitidis		
SAMEA2673803	PASS	Neisseria meningitidis		
SAMEA4948234	PASS	Neisseria meningitidis		
SAMEA4948087	PASS	Neisseria meningitidis		
SAMEA7741022	PASS	Neisseria meningitidis		
SAMEA7838577	PASS	Neisseria meningitidis		
SAMEA112236995	PASS	Neisseria meningitidis	United Kingdom	2022
SAMEA2047207	PASS	Neisseria meningitidis	United Kingdom	2011
SAMEA2674297	PASS	Neisseria meningitidis	Netherlands	2006/2012
SAMEA3503740	SYLPH_RESULTS_FAIL	unknown		
SAMEA4948786	PASS	Neisseria meningitidis		
SAMEA7838900	PASS	Neisseria meningitidis		
SAMEA4947935	PASS	Neisseria meningitidis		
SAMEA1094394	PASS	Neisseria meningitidis	United Kingdom	2010
SAMEA2271633	PASS	Neisseria meningitidis		
SAMEA2738482	CHECKM2_MAX_CONTAM,SYLPH_RESULTS_FAIL	unknown		
SAMEA5748077	PASS	Neisseria meningitidis		
SAMEA5749140	PASS	Neisseria meningitidis		
SAMEA6240115	PASS	Neisseria meningitidis		
SAMEA7839000	PASS	Neisseria meningitidis		
SAMN44030927	PASS	Neisseria meningitidis	New Zealand	2002
SAMEA4532249	PASS	Neisseria meningitidis		
SAMEA4948108	PASS	Neisseria meningitidis		
SAMEA4948522	PASS	Neisseria meningitidis		
SAMEA5749172	PASS	Neisseria meningitidis		
SAMEA7838558	PASS	Neisseria meningitidis		
SAMEA7838764	PASS	Neisseria meningitidis		
SAMEA2820827	PASS	Neisseria meningitidis		
SAMEA4948333	PASS	Neisseria meningitidis		
SAMEA8114250	PASS	Neisseria meningitidis		
SAMEA8114377	PASS	Neisseria meningitidis		
SAMEA978892	PASS	Neisseria meningitidis		
SAMEA4948167	PASS	Neisseria meningitidis		
SAMEA7741123	PASS	Neisseria meningitidis		
SAMEA7838286	PASS	Neisseria meningitidis		
SAMEA7838331	PASS	Neisseria meningitidis		
SAMEA104416769	PASS	Neisseria meningitidis		
SAMEA2738424	SYLPH_RESULTS_FAIL	unknown		
SAMEA4948576	PASS	Neisseria meningitidis		
SAMEA7838662	PASS	Neisseria meningitidis		
SAMN42000615	PASS	Neisseria meningitidis	Belgium	2016-01-13
SAMEA114226829	PASS	Neisseria meningitidis	United Kingdom	2023
SAMEA1706885	PASS	Neisseria meningitidis		
SAMEA4948421	PASS	Neisseria meningitidis		
SAMEA4948486	PASS	Neisseria meningitidis		
SAMEA4948668	PASS	Neisseria meningitidis		
SAMEA7740999	PASS	Neisseria meningitidis		
SAMEA7838406	PASS	Neisseria meningitidis		
SAMEA7838890	PASS	Neisseria meningitidis		
SAMEA5748058	PASS	Neisseria meningitidis		
SAMEA6635535	CHECKM2_MAX_CONTAM,MAX_CONTIG_NUM	Neisseria meningitidis		
SAMEA8114136	PASS	Neisseria meningitidis		
SAMEA2674381	PASS	Neisseria meningitidis		
SAMEA3946990	PASS	Neisseria meningitidis		
SAMEA4947964	PASS	Neisseria meningitidis		
SAMEA4948191	PASS	Neisseria meningitidis		
SAMEA4948790	PASS	Neisseria meningitidis		
SAMEA7838397	PASS	Neisseria meningitidis		
SAMEA7838452	PASS	Neisseria meningitidis		
SAMEA8114082	PASS	Neisseria meningitidis		
SAMEA1523042	PASS	Neisseria meningitidis	United Kingdom	2011
SAMEA4947995	PASS	Neisseria meningitidis		
SAMEA7838332	PASS	Neisseria meningitidis		
SAMEA2738463	PASS	Neisseria gonorrhoeae		
SAMEA7741036	PASS	Neisseria meningitidis		
SAMEA7741085	PASS	Neisseria meningitidis		
SAMEA7838476	PASS	Neisseria meningitidis		
SAMEA7838823	PASS	Neisseria meningitidis		
SAMEA8114209	PASS	Neisseria meningitidis		
SAMEA4948435	PASS	Neisseria meningitidis		
SAMEA7838290	PASS	Neisseria meningitidis		
SAMEA2820817	PASS	Neisseria meningitidis		
SAMEA4948309	PASS	Neisseria meningitidis		
SAMN29407014	PASS	Neisseria meningitidis	USA	2001
SAMEA7838627	PASS	Neisseria meningitidis		
SAMEA7838707	PASS	Neisseria meningitidis		
SAMEA3503830	SYLPH_RESULTS_FAIL	unknown		
SAMEA8114091	PASS	Neisseria meningitidis		
SAMEA8114095	PASS	Neisseria meningitidis		
SAMN44030954	PASS	Neisseria meningitidis	New Zealand	2005
SAMEA2820835	PASS	Neisseria meningitidis		
SAMEA7741061	PASS	Neisseria meningitidis		
SAMEA7741141	PASS	Neisseria meningitidis		
SAMEA2298493	PASS	Neisseria gonorrhoeae		
SAMEA3109202	PASS	Neisseria meningitidis		
SAMEA4948090	PASS	Neisseria meningitidis		
SAMEA4948412	PASS	Neisseria meningitidis		
SAMEA678485	PASS	Neisseria meningitidis		
SAMEA7741170	PASS	Neisseria meningitidis		
SAMN44030950	PASS	Neisseria meningitidis	New Zealand	2005
SAMEA3109230	PASS	Neisseria meningitidis		
SAMEA3503430	SYLPH_RESULTS_FAIL	unknown		
SAMEA5749191	PASS	Neisseria meningitidis		
SAMEA8114213	PASS	Neisseria meningitidis		
SAMEA8114335	PASS	Neisseria meningitidis		
SAMEA3689790	PASS	Neisseria meningitidis		
SAMEA2629100	PASS	Neisseria meningitidis		
SAMEA3507163	PASS	Neisseria meningitidis		
SAMEA4948699	PASS	Neisseria meningitidis		
SAMEA7838512	PASS	Neisseria meningitidis		
SAMEA7838939	PASS	Neisseria meningitidis		
SAMEA3503675	PASS	Neisseria meningitidis		
SAMEA4948423	PASS	Neisseria meningitidis		
SAMEA5749173	PASS	Neisseria meningitidis		
SAMEA8114348	PASS	Neisseria meningitidis		
SAMEA7838310	PASS	Neisseria meningitidis		
SAMEA7838555	PASS	Neisseria meningitidis		
SAMEA7838587	PASS	Neisseria meningitidis		
SAMEA7838830	PASS	Neisseria meningitidis		
SAMEA8114176	PASS	Neisseria meningitidis		
SAMEA2738506	CHECKM2_MAX_CONTAM,SYLPH_RESULTS_FAIL	unknown		
SAMEA5748454	PASS	Neisseria meningitidis		
SAMEA4948360	PASS	Neisseria meningitidis		
SAMEA7838559	PASS	Neisseria meningitidis		
SAMEA7838632	PASS	Neisseria meningitidis		
SAMEA7838899	PASS	Neisseria meningitidis		
SAMEA4948184	PASS	Neisseria meningitidis		
SAMEA7838975	PASS	Neisseria meningitidis		
SAMN44030926	PASS	Neisseria meningitidis	New Zealand	2002
SAMEA14099214	PASS	Neisseria meningitidis		
SAMEA5748446	PASS	Neisseria meningitidis		
SAMEA3503407	SYLPH_RESULTS_FAIL	unknown		
SAMEA4719554	PASS	Neisseria meningitidis		
SAMEA4948536	PASS	Neisseria meningitidis		
SAMEA7741121	PASS	Neisseria meningitidis		
SAMEA7838449	PASS	Neisseria meningitidis		
SAMEA7838584	PASS	Neisseria meningitidis		
SAMEA8114271	PASS	Neisseria meningitidis		
SAMEA4948565	PASS	Neisseria meningitidis		
SAMEA6227684	PASS	Neisseria meningitidis		
SAMEA7740993	PASS	Neisseria meningitidis		
SAMEA8114156	PASS	Neisseria meningitidis		
SAMEA2674307	PASS	Neisseria meningitidis	Netherlands	2006/2012
SAMEA2738437	SYLPH_RESULTS_FAIL	unknown		
SAMEA4948518	PASS	Neisseria meningitidis		
SAMEA4948527	PASS	Neisseria meningitidis		
SAMEA7838436	PASS	Neisseria meningitidis		
SAMEA7838833	PASS	Neisseria meningitidis		
SAMEA104105494	PASS	Neisseria meningitidis		
SAMEA3432331	PASS	Neisseria meningitidis		
SAMEA4948036	PASS	Neisseria meningitidis		
SAMEA5749077	PASS	Neisseria meningitidis		
SAMN42000849	PASS	Neisseria meningitidis	Belgium	2018-07-24
SAMEA2074128	PASS	Neisseria meningitidis		
SAMEA4948058	PASS	Neisseria meningitidis		
SAMEA4948249	PASS	Neisseria meningitidis		
SAMN29757020	PASS	Neisseria meningitidis	USA	2016
SAMN44030925	PASS	Neisseria meningitidis	New Zealand	2002
SAMN44030997	PASS	Neisseria meningitidis	New Zealand	2010
SAMEA2674392	PASS	Neisseria meningitidis	Netherlands	2006/2012
SAMEA6227678	PASS	Neisseria meningitidis		
SAMN08874871	PASS	Neisseria meningitidis	New Zealand	1991
SAMN29757131	PASS	Neisseria meningitidis	USA	2016
SAMEA2738477	CHECKM2_MAX_CONTAM,SYLPH_RESULTS_FAIL	unknown		
SAMEA4948685	PASS	Neisseria meningitidis		
SAMEA4948712	PASS	Neisseria meningitidis		
SAMEA7838759	PASS	Neisseria meningitidis		
SAMEA8114065	PASS	Neisseria meningitidis		
SAMEA3503555	PASS	Neisseria meningitidis		
SAMEA4947976	PASS	Neisseria meningitidis		
SAMEA4948783	PASS	Neisseria meningitidis		
SAMEA7741081	PASS	Neisseria meningitidis		
SAMEA7838791	PASS	Neisseria meningitidis		
SAMEA2820759	PASS	Neisseria meningitidis		
SAMEA3936244	PASS	Neisseria meningitidis		
SAMEA4948433	PASS	Neisseria meningitidis		
SAMEA5749216	PASS	Neisseria meningitidis		
SAMEA7838437	PASS	Neisseria meningitidis		
SAMEA7838946	PASS	Neisseria meningitidis		
SAMEA7838998	PASS	Neisseria meningitidis		
SAMEA8114206	PASS	Neisseria meningitidis		
SAMEA4948600	PASS	Neisseria meningitidis		
SAMEA5749152	PASS	Neisseria meningitidis		
SAMEA6227044	PASS	Neisseria meningitidis		
SAMEA7838455	PASS	Neisseria meningitidis		
SAMEA8114323	PASS	Neisseria meningitidis		
SAMN13450790	PASS	Neisseria meningitidis	New Zealand	2014
SAMEA1523251	PASS	Neisseria meningitidis	United Kingdom	2011
SAMEA2674309	PASS	Neisseria meningitidis		
SAMEA4948228	PASS	Neisseria meningitidis		
SAMEA5749123	PASS	Neisseria meningitidis		
SAMEA7838409	PASS	Neisseria meningitidis		
SAMEA7838976	PASS	Neisseria meningitidis		
SAMEA5749147	PASS	Neisseria meningitidis		
SAMEA7740980	PASS	Neisseria meningitidis		
SAMEA8114064	PASS	Neisseria meningitidis		
SAMN02604201	PASS	Neisseria meningitidis		
SAMEA4948023	PASS	Neisseria meningitidis		
SAMEA4948282	PASS	Neisseria meningitidis		
SAMEA4948476	PASS	Neisseria meningitidis		
SAMEA4948577	CHECKM2_MAX_CONTAM,SYLPH_RESULTS_FAIL	unknown		
SAMEA6227319	PASS	Neisseria meningitidis		
SAMEA8114132	PASS	Neisseria meningitidis		
SAMEA2673809	PASS	Neisseria meningitidis		
SAMEA7838696	PASS	Neisseria meningitidis		
SAMEA8114128	PASS	Neisseria meningitidis		
SAMEA2629224	PASS	Neisseria meningitidis		
SAMEA2673945	PASS	Neisseria meningitidis	Netherlands	2006/2012
SAMEA4948638	PASS	Neisseria meningitidis		
SAMEA8114191	PASS	Neisseria meningitidis		
SAMN25819715	PASS	Neisseria meningitidis	New Zealand	2020
SAMEA3503659	SYLPH_RESULTS_FAIL	unknown		
SAMEA3936245	PASS	Neisseria meningitidis		
SAMEA4948702	PASS	Neisseria meningitidis		
SAMEA7741054	PASS	Neisseria meningitidis		
SAMN44030975	PASS	Neisseria meningitidis	New Zealand	2007
SAMEA4948670	PASS	Neisseria meningitidis		
SAMEA7838945	PASS	Neisseria meningitidis		
SAMEA2820874	PASS	Neisseria meningitidis		
SAMEA7838314	PASS	Neisseria meningitidis		
SAMEA7838329	PASS	Neisseria meningitidis		
SAMEA7838589	PASS	Neisseria meningitidis		
SAMEA2820770	PASS	Neisseria meningitidis		
SAMEA4361329	PASS	Neisseria meningitidis		
SAMEA4947923	PASS	Neisseria meningitidis		
SAMEA8114112	PASS	Neisseria meningitidis		
SAMEA4947986	PASS	Neisseria meningitidis		
SAMEA7838959	PASS	Neisseria meningitidis		
SAMEA8114325	PASS	Neisseria meningitidis		
SAMEA104105414	PASS	Neisseria meningitidis		
SAMEA104354117	PASS	Neisseria meningitidis	New Zealand	1997
SAMEA7838675	PASS	Neisseria meningitidis		
SAMEA4948876	PASS	Neisseria meningitidis		
SAMEA8497787	PASS	Neisseria meningitidis		
SAMN08874934	SYLPH_RESULTS_FAIL	unknown	Greece	1992
SAMEA114226814	PASS	Neisseria meningitidis	United Kingdom	2023
SAMEA7838941	PASS	Neisseria meningitidis		
SAMEA3503596	SYLPH_RESULTS_FAIL	unknown		
SAMEA4948611	PASS	Neisseria meningitidis		
SAMEA7838609	PASS	Neisseria meningitidis		
SAMEA7838735	PASS	Neisseria meningitidis		
SAMEA4948342	PASS	Neisseria meningitidis		
SAMEA7741000	PASS	Neisseria meningitidis		
SAMEA7838992	PASS	Neisseria meningitidis		
SAMEA104283867	PASS	Neisseria meningitidis		
SAMEA8114258	PASS	Neisseria meningitidis		
SAMEA1523218	PASS	Neisseria meningitidis	United Kingdom	2010
SAMEA4948811	PASS	Neisseria meningitidis		
SAMEA7838760	PASS	Neisseria meningitidis		
SAMEA7838869	PASS	Neisseria meningitidis		
SAMEA2820831	PASS	Neisseria meningitidis		
SAMEA3507288	PASS	Neisseria meningitidis		
SAMEA4948235	PASS	Neisseria meningitidis		
SAMEA7838398	PASS	Neisseria meningitidis		
SAMEA8114372	PASS	Neisseria meningitidis		
SAMEA2820828	PASS	Neisseria meningitidis		
SAMEA4386483	CHECKM2_MAX_CONTAM,MAX_CONTIG_NUM,MIN_N50	Neisseria meningitidis		
SAMEA4948277	PASS	Neisseria meningitidis		
SAMEA4948738	PASS	Neisseria meningitidis		
SAMEA7838328	PASS	Neisseria meningitidis		
SAMEA7838432	PASS	Neisseria meningitidis		
SAMN44030974	PASS	Neisseria meningitidis	New Zealand	2007
SAMEA4948445	PASS	Neisseria meningitidis		
SAMEA7838828	PASS	Neisseria meningitidis		
SAMN44030976	PASS	Neisseria meningitidis	New Zealand	2007
SAMEA7838567	PASS	Neisseria meningitidis		
SAMEA7838997	PASS	Neisseria meningitidis		
SAMEA3431671	PASS	Neisseria gonorrhoeae		
SAMEA5748448	PASS	Neisseria meningitidis		
SAMEA8114117	PASS	Neisseria meningitidis		
SAMEA5748628	PASS	Neisseria meningitidis		
SAMEA5749243	PASS	Neisseria meningitidis		
SAMEA6227701	PASS	Neisseria meningitidis		
SAMEA8114175	PASS	Neisseria meningitidis		
SAMEA8114356	PASS	Neisseria meningitidis		
SAMEA5748439	PASS	Neisseria meningitidis		
SAMEA7741132	PASS	Neisseria meningitidis		
SAMEA7838296	PASS	Neisseria meningitidis		
SAMEA7838375	PASS	Neisseria meningitidis		
SAMEA7838870	PASS	Neisseria meningitidis		
SAMEA37642918	PASS	Neisseria meningitidis		
SAMEA8114219	PASS	Neisseria meningitidis		
SAMN35339387	PASS	Neisseria meningitidis	New Zealand	2010
SAMEA3432089	PASS	Neisseria meningitidis		
SAMEA8114310	PASS	Neisseria meningitidis		
SAMEA104354105	PASS	Neisseria meningitidis	New Zealand	1996
SAMEA114226821	PASS	Neisseria meningitidis	United Kingdom	2023
SAMEA3503373	PASS	Neisseria meningitidis		
SAMEA4948096	PASS	Neisseria meningitidis		
SAMEA4948721	PASS	Neisseria meningitidis		
SAMEA5749214	PASS	Neisseria meningitidis		
SAMEA7838618	PASS	Neisseria meningitidis		
SAMEA7838782	PASS	Neisseria meningitidis		
SAMEA4948009	PASS	Neisseria meningitidis		
SAMEA4948261	PASS	Neisseria meningitidis		
SAMEA7838358	PASS	Neisseria meningitidis		
SAMN42001097	PASS	Neisseria meningitidis	Belgium	2022-12-08
SAMEA2820796	PASS	Neisseria meningitidis		
SAMEA4948281	PASS	Neisseria meningitidis		
SAMEA7838259	PASS	Neisseria meningitidis		
SAMN42000957	PASS	Neisseria meningitidis	Belgium	2019-09-04
SAMEA4948113	PASS	Neisseria meningitidis		
SAMEA5749221	PASS	Neisseria meningitidis		
SAMEA6538818	PASS	Neisseria meningitidis		
SAMEA4948441	PASS	Neisseria meningitidis		
SAMEA7741075	PASS	Neisseria meningitidis		
SAMEA2820782	PASS	Neisseria meningitidis		
SAMEA4948397	PASS	Neisseria meningitidis		
SAMN08199199	PASS	Neisseria meningitidis	USA	2013
SAMEA4948094	PASS	Neisseria meningitidis		
SAMEA4948296	PASS	Neisseria meningitidis		
SAMEA6102735	PASS	Neisseria meningitidis		
SAMEA7838486	PASS	Neisseria meningitidis		
SAMEA7838718	PASS	Neisseria meningitidis		
SAMEA7838803	PASS	Neisseria meningitidis		
SAMEA6227696	PASS	Neisseria meningitidis		
SAMEA2271316	PASS	Neisseria meningitidis		
SAMEA8114422	PASS	Neisseria meningitidis		
SAMEA4948194	PASS	Neisseria meningitidis		
SAMEA4948356	PASS	Neisseria meningitidis		
SAMEA4948533	PASS	Neisseria meningitidis		
SAMEA4948570	PASS	Neisseria meningitidis		
SAMEA5749220	PASS	Neisseria meningitidis		
SAMEA114392479	PASS	Neisseria meningitidis	Portugal	2020
SAMEA2674439	PASS	Neisseria meningitidis	Netherlands	2006/2012
SAMEA4947949	PASS	Neisseria meningitidis		
SAMEA5749219	PASS	Neisseria meningitidis		
SAMEA8114342	PASS	Neisseria meningitidis		
SAMEA2820761	PASS	Neisseria meningitidis		
SAMEA3650398	PASS	Neisseria meningitidis		
SAMEA4948676	PASS	Neisseria meningitidis		
SAMEA7838481	PASS	Neisseria meningitidis		
SAMEA8114405	PASS	Neisseria meningitidis		
SAMEA1522809	PASS	Neisseria meningitidis	United Kingdom	2010
SAMEA5749274	PASS	Neisseria meningitidis		
SAMEA8114432	PASS	Neisseria meningitidis		
SAMEA4948287	PASS	Neisseria meningitidis		
SAMEA5749228	PASS	Neisseria meningitidis		
SAMEA112236979	PASS	Neisseria meningitidis	United Kingdom	2022
SAMEA4948420	PASS	Neisseria meningitidis		
SAMEA4948549	PASS	Neisseria meningitidis		
SAMEA4948706	PASS	Neisseria meningitidis		
SAMEA7838917	PASS	Neisseria meningitidis		
SAMN42000644	PASS	Neisseria meningitidis	Belgium	2016-04-15
SAMEA111347635	PASS	Neisseria meningitidis	Norway	2002-01-08
SAMEA112237036	PASS	Neisseria meningitidis	United Kingdom	2022
SAMEA114226808	PASS	Neisseria meningitidis	United Kingdom	2023
SAMEA4948687	PASS	Neisseria meningitidis		
SAMEA7838430	PASS	Neisseria meningitidis		
SAMEA8114084	PASS	Neisseria meningitidis		
SAMEA1706771	PASS	Neisseria meningitidis		
SAMEA2673990	PASS	Neisseria meningitidis	Netherlands	2006/2012
SAMEA29710168	PASS	Neisseria meningitidis		
SAMEA4948081	PASS	Neisseria meningitidis		
SAMEA4948328	PASS	Neisseria meningitidis		
SAMEA5749165	PASS	Neisseria meningitidis		
SAMEA7838779	PASS	Neisseria meningitidis		
SAMN42000756	PASS	Neisseria meningitidis	Belgium	2017-10-07
SAMN44030953	PASS	Neisseria meningitidis	New Zealand	2005
SAMEA4948123	PASS	Neisseria meningitidis		
SAMEA5748463	CHECKM2_MAX_CONTAM	Neisseria meningitidis		
SAMEA5748469	PASS	Neisseria meningitidis		
SAMEA7838442	PASS	Neisseria meningitidis		
SAMEA2738452	SYLPH_RESULTS_FAIL	unknown		
SAMEA4948156	PASS	Neisseria meningitidis		
SAMEA4948362	PASS	Neisseria meningitidis		
SAMEA6227735	PASS	Neisseria meningitidis		
SAMEA7838460	PASS	Neisseria meningitidis		
SAMEA7838381	PASS	Neisseria meningitidis		
SAMEA7838657	PASS	Neisseria meningitidis		
SAMEA7838859	PASS	Neisseria meningitidis		
SAMEA7838984	PASS	Neisseria meningitidis		
SAMEA8114306	PASS	Neisseria meningitidis		
SAMEA4948574	PASS	Neisseria meningitidis		
SAMEA678062	PASS	Neisseria meningitidis		
SAMEA7838469	PASS	Neisseria meningitidis		
SAMEA8114251	PASS	Neisseria meningitidis		
SAMEA1904512	PASS	Neisseria meningitidis	United Kingdom	2012
SAMEA4719518	PASS	Neisseria meningitidis		
SAMEA4948292	PASS	Neisseria meningitidis		
SAMEA7765485	PASS	Neisseria meningitidis		
SAMEA7838405	PASS	Neisseria meningitidis		
SAMEA8114122	PASS	Neisseria meningitidis		
SAMEA8114359	PASS	Neisseria meningitidis		
SAMEA104354116	PASS	Neisseria meningitidis	New Zealand	1997
SAMEA5749054	PASS	Neisseria meningitidis		
SAMEA978897	PASS	Neisseria meningitidis		
SAMEA3432303	PASS	Neisseria meningitidis		
SAMEA4948647	PASS	Neisseria meningitidis		
SAMEA7838387	PASS	Neisseria meningitidis		
SAMEA2820780	PASS	Neisseria meningitidis		
SAMEA4948060	PASS	Neisseria meningitidis		
SAMN44030911	PASS	Neisseria meningitidis	New Zealand	1999
SAMEA4948506	PASS	Neisseria meningitidis		
SAMEA5748054	PASS	Neisseria meningitidis		
SAMEA7838855	PASS	Neisseria meningitidis		
SAMEA7838942	PASS	Neisseria meningitidis		
SAMEA111347666	PASS	Neisseria meningitidis	Norway	2002-10-15
SAMEA3109133	PASS	Neisseria meningitidis		
SAMN26138107	PASS	Neisseria meningitidis	Taiwan	2007-07-19
SAMEA4948650	PASS	Neisseria meningitidis		
SAMEA6538765	PASS	Neisseria meningitidis		
SAMEA8114058	PASS	Neisseria meningitidis		
SAMEA4948275	PASS	Neisseria meningitidis		
SAMEA7741142	PASS	Neisseria meningitidis		
SAMEA7838356	PASS	Neisseria meningitidis		
SAMEA7741076	PASS	Neisseria meningitidis		
SAMEA8497806	PASS	Neisseria meningitidis		
SAMEA2674150	PASS	Neisseria meningitidis	Netherlands	2006/2012
SAMEA8114238	PASS	Neisseria meningitidis		
SAMEA8114093	PASS	Neisseria meningitidis		
SAMEA8114104	PASS	Neisseria meningitidis		
SAMEA4948534	PASS	Neisseria meningitidis		
SAMEA4948658	PASS	Neisseria meningitidis		
SAMEA7838774	PASS	Neisseria meningitidis		
SAMN44030885	PASS	Neisseria meningitidis	New Zealand	1991
SAMEA7838583	PASS	Neisseria meningitidis		
SAMN44030894	PASS	Neisseria meningitidis	New Zealand	1995
SAMEA4948792	PASS	Neisseria meningitidis		
SAMEA7838266	PASS	Neisseria meningitidis		
SAMEA8114207	PASS	Neisseria meningitidis		
SAMEA2820776	PASS	Neisseria meningitidis		
SAMEA5749085	PASS	Neisseria meningitidis		
SAMEA7741159	PASS	Neisseria meningitidis		
SAMEA7838514	PASS	Neisseria meningitidis		
SAMEA7838625	PASS	Neisseria meningitidis		
SAMEA7838918	PASS	Neisseria meningitidis		
SAMEA2820795	PASS	Neisseria meningitidis		
SAMEA7838842	PASS	Neisseria meningitidis		
SAMEA3506961	PASS	Neisseria meningitidis		
SAMEA7838756	PASS	Neisseria meningitidis		
SAMEA7838848	PASS	Neisseria meningitidis		
SAMEA8114283	PASS	Neisseria meningitidis		
SAMEA8114399	PASS	Neisseria meningitidis		
SAMEA8114408	PASS	Neisseria meningitidis		
SAMEA4948467	PASS	Neisseria meningitidis		
SAMEA4948500	PASS	Neisseria meningitidis		
SAMEA5749284	PASS	Neisseria meningitidis		
SAMEA7838339	PASS	Neisseria meningitidis		
SAMEA7838412	PASS	Neisseria meningitidis		
SAMEA8114101	PASS	Neisseria meningitidis		
SAMEA4948008	PASS	Neisseria meningitidis		
SAMEA7838294	PASS	Neisseria meningitidis		
SAMEA7838390	PASS	Neisseria meningitidis		
SAMEA5749244	PASS	Neisseria meningitidis		
SAMEA8114272	SYLPH_RESULTS_FAIL	unknown		
SAMEA2820755	PASS	Neisseria meningitidis		
SAMEA4948076	PASS	Neisseria meningitidis		
SAMEA8114138	PASS	Neisseria meningitidis		
SAMEA8114248	PASS	Neisseria meningitidis		
SAMEA8114249	PASS	Neisseria meningitidis		
SAMEA2820760	PASS	Neisseria meningitidis		
SAMEA7838443	PASS	Neisseria meningitidis		
SAMN44030895	PASS	Neisseria meningitidis	New Zealand	1995
SAMEA3503649	SYLPH_RESULTS_FAIL	unknown		
SAMEA3936241	PASS	Neisseria meningitidis		
SAMEA4948578	PASS	Neisseria meningitidis		
SAMEA4948816	PASS	Neisseria meningitidis		
SAMEA5748202	PASS	Neisseria meningitidis		
SAMN13450789	PASS	Neisseria meningitidis	New Zealand	2014
SAMEA2674007	PASS	Neisseria meningitidis	Netherlands	2006/2012
SAMEA4948480	PASS	Neisseria meningitidis		
SAMEA4948769	PASS	Neisseria meningitidis		
SAMEA4948770	PASS	Neisseria meningitidis		
SAMEA6227682	PASS	Neisseria meningitidis		
SAMEA6227695	PASS	Neisseria meningitidis		
SAMEA6227708	PASS	Neisseria meningitidis		
SAMEA7740998	PASS	Neisseria meningitidis		
SAMEA2298460	PASS	Neisseria gonorrhoeae		
SAMEA2673800	PASS	Neisseria meningitidis	Netherlands	2006/2012
SAMEA2674421	PASS	Neisseria meningitidis		
SAMEA7741117	PASS	Neisseria meningitidis		
SAMEA7741118	PASS	Neisseria meningitidis		
SAMEA7838588	PASS	Neisseria meningitidis		
SAMEA4948137	PASS	Neisseria meningitidis		
SAMEA5749195	PASS	Neisseria meningitidis		
SAMEA3936239	PASS	Neisseria meningitidis		
SAMEA4948364	PASS	Neisseria meningitidis		
SAMEA678056	PASS	Neisseria meningitidis		
SAMEA7741063	PASS	Neisseria meningitidis		
SAMEA8114326	PASS	Neisseria meningitidis		
SAMN44030964	PASS	Neisseria meningitidis	New Zealand	2006
SAMEA29711668	PASS	Neisseria meningitidis		
SAMEA4719517	PASS	Neisseria meningitidis		
SAMEA2629227	PASS	Neisseria meningitidis		
SAMEA4948448	PASS	Neisseria meningitidis		
SAMEA4948772	PASS	Neisseria meningitidis		
SAMEA7741016	PASS	Neisseria meningitidis		
SAMEA8114362	PASS	Neisseria meningitidis		
SAMN29406975	PASS	Neisseria meningitidis	USA	2001
SAMEA1522796	PASS	Neisseria meningitidis	United Kingdom	2011
SAMEA4948733	PASS	Neisseria meningitidis		
SAMEA7838663	PASS	Neisseria meningitidis		
SAMEA8114398	PASS	Neisseria meningitidis		
SAMEA3503957	PASS	Neisseria meningitidis		
SAMEA5749202	PASS	Neisseria meningitidis		
SAMEA2074103	PASS	Neisseria meningitidis		
SAMEA4948455	PASS	Neisseria meningitidis		
SAMEA4948501	PASS	Neisseria meningitidis		
SAMEA7838773	PASS	Neisseria meningitidis		
SAMEA7838678	PASS	Neisseria meningitidis		
SAMEA7838999	PASS	Neisseria meningitidis		
SAMEA4947993	PASS	Neisseria meningitidis		
SAMEA4948608	PASS	Neisseria meningitidis		
SAMEA5403270	PASS	Neisseria meningitidis	Czech Republic	2016-06
SAMEA7838991	PASS	Neisseria meningitidis		
SAMEA8114083	PASS	Neisseria meningitidis		
SAMN29407346	PASS	Neisseria meningitidis	USA	2008
SAMEA3503411	PASS	Neisseria meningitidis		
SAMEA4948047	PASS	Neisseria meningitidis		
SAMEA4948580	PASS	Neisseria meningitidis		
SAMEA7839015	PASS	Neisseria meningitidis		
SAMEA4948035	PASS	Neisseria meningitidis		
SAMEA4948135	PASS	Neisseria meningitidis		
SAMN08874938	SYLPH_RESULTS_FAIL	unknown	New Zealand	1991
SAMEA2674433	PASS	Neisseria meningitidis	Netherlands	2006/2012
SAMEA4948440	PASS	Neisseria meningitidis		
SAMEA7838458	PASS	Neisseria meningitidis		
SAMEA8114373	PASS	Neisseria meningitidis		
SAMEA4948124	PASS	Neisseria meningitidis		
SAMEA8114200	PASS	Neisseria meningitidis		
SAMN44030922	PASS	Neisseria meningitidis	New Zealand	2002
SAMEA2271744	PASS	Neisseria meningitidis		
SAMEA2820800	PASS	Neisseria meningitidis		
SAMEA5748481	PASS	Neisseria meningitidis		
SAMEA5749090	PASS	Neisseria meningitidis		
SAMEA8114253	PASS	Neisseria meningitidis		
SAMEA8114339	PASS	Neisseria meningitidis		
SAMN44030946	PASS	Neisseria meningitidis	New Zealand	2004
SAMEA4948074	PASS	Neisseria meningitidis		
SAMEA7838489	PASS	Neisseria meningitidis		
SAMEA7838699	PASS	Neisseria meningitidis		
SAMEA2674293	PASS	Neisseria meningitidis		
SAMEA2820746	PASS	Neisseria meningitidis		
SAMEA4948259	PASS	Neisseria meningitidis		
SAMEA8114244	PASS	Neisseria meningitidis		
SAMEA104189323	CHECKM2_MAX_CONTAM,MAX_CONTIG_NUM,MIN_N50	Neisseria meningitidis	United Kingdom	2010
SAMEA1706937	PASS	Neisseria meningitidis		
SAMEA2547831	CHECKM2_MAX_CONTAM,MAX_CONTIG_NUM,MIN_N50	Neisseria meningitidis		
SAMEA8114401	PASS	Neisseria meningitidis		
SAMN29406924	PASS	Neisseria meningitidis	USA	2000
SAMEA7838519	PASS	Neisseria meningitidis		
SAMEA7838644	PASS	Neisseria meningitidis		
SAMEA4948015	PASS	Neisseria meningitidis		
SAMEA4948566	PASS	Neisseria meningitidis		
SAMEA5749199	PASS	Neisseria meningitidis		
SAMEA7741028	PASS	Neisseria meningitidis		
SAMEA7838778	PASS	Neisseria meningitidis		
SAMEA8114066	PASS	Neisseria meningitidis		
SAMEA5748476	PASS	Neisseria meningitidis		
SAMEA6227679	PASS	Neisseria meningitidis		
SAMEA7838636	PASS	Neisseria meningitidis		
SAMEA978902	PASS	Neisseria meningitidis		
SAMEA7838783	PASS	Neisseria meningitidis		
SAMEA7838874	PASS	Neisseria meningitidis		
SAMN35339273	PASS	Neisseria meningitidis	New Zealand	1992
SAMN44030952	PASS	Neisseria meningitidis	New Zealand	2005
SAMN44030985	PASS	Neisseria meningitidis	New Zealand	2008
SAMEA2738489	CHECKM2_MAX_CONTAM,MAX_CONTIG_NUM,SYLPH_RESULTS_FAIL	unknown		
SAMEA111425964	CHECKM2_MAX_CONTAM,MAX_CONTIG_NUM	Neisseria meningitidis		
SAMEA4948409	PASS	Neisseria meningitidis		
SAMEA4948619	PASS	Neisseria meningitidis		
SAMN35339250	PASS	Neisseria meningitidis	New Zealand	1991
SAMEA4948525	PASS	Neisseria meningitidis		
SAMEA4948637	PASS	Neisseria meningitidis		
SAMEA7838257	PASS	Neisseria meningitidis		
SAMEA8114252	PASS	Neisseria meningitidis		
SAMEA4948037	PASS	Neisseria meningitidis		
SAMEA4948085	PASS	Neisseria meningitidis		
SAMEA6227693	PASS	Neisseria meningitidis		
SAMEA115805636	CHECKM2_MAX_CONTAM,MAX_CONTIG_NUM,MIN_N50	Neisseria meningitidis	United Kingdom	2019
SAMEA4947926	PASS	Neisseria meningitidis		
SAMEA5748440	PASS	Neisseria meningitidis		
SAMEA7838786	PASS	Neisseria meningitidis		
SAMEA7838825	PASS	Neisseria meningitidis		
SAMEA8114125	PASS	Neisseria meningitidis		
SAMEA104354112	PASS	Neisseria meningitidis	New Zealand	1996
SAMEA4947922	PASS	Neisseria meningitidis		
SAMEA4947940	PASS	Neisseria meningitidis		
SAMEA7838582	PASS	Neisseria meningitidis		
SAMEA2047603	PASS	Neisseria meningitidis	United Kingdom	2011
SAMEA4947950	PASS	Neisseria meningitidis		
SAMEA4948181	PASS	Neisseria meningitidis		
SAMEA4948582	PASS	Neisseria meningitidis		
SAMEA5661184	PASS	Neisseria meningitidis		
SAMEA7838451	PASS	Neisseria meningitidis		
SAMEA7838471	PASS	Neisseria meningitidis		
SAMEA7838936	PASS	Neisseria meningitidis		
SAMEA2673937	PASS	Neisseria meningitidis	Netherlands	2006/2012
SAMEA4948196	PASS	Neisseria meningitidis		
SAMEA678059	PASS	Neisseria meningitidis		
SAMEA7838472	PASS	Neisseria meningitidis		
SAMN44030940	PASS	Neisseria meningitidis	New Zealand	2003
SAMEA1522924	PASS	Neisseria meningitidis	United Kingdom	2010
SAMEA2271636	PASS	Neisseria meningitidis		
SAMEA3936240	PASS	Neisseria meningitidis		
SAMEA6102800	PASS	Neisseria meningitidis		
SAMEA7838550	PASS	Neisseria meningitidis		
SAMEA7838938	PASS	Neisseria meningitidis		
SAMEA8114145	PASS	Neisseria meningitidis		
SAMEA8114318	PASS	Neisseria meningitidis		
SAMEA2629226	PASS	Neisseria meningitidis		
SAMEA3947127	PASS	Neisseria meningitidis		
SAMEA7838300	PASS	Neisseria meningitidis		
SAMN35339241	PASS	Neisseria meningitidis	New Zealand	1990
SAMN42000874	PASS	Neisseria meningitidis	Belgium	2018-12-04
SAMN44030933	PASS	Neisseria meningitidis	New Zealand	2002
SAMN44030990	PASS	Neisseria meningitidis	New Zealand	2010
SAMEA4948263	PASS	Neisseria meningitidis		
SAMEA7741035	PASS	Neisseria meningitidis		
SAMEA7741104	PASS	Neisseria meningitidis		
SAMEA7838737	PASS	Neisseria meningitidis		
SAMEA8114183	PASS	Neisseria meningitidis		
SAMN35339306	PASS	Neisseria meningitidis	New Zealand	1993
SAMEA2080237	PASS	Neisseria gonorrhoeae		
SAMEA4948407	PASS	Neisseria meningitidis		
SAMEA4948716	PASS	Neisseria meningitidis		
SAMEA7741046	PASS	Neisseria meningitidis		
SAMEA7838701	PASS	Neisseria meningitidis		
SAMEA7838858	PASS	Neisseria meningitidis		
SAMEA4948174	PASS	Neisseria meningitidis		
SAMEA8114228	PASS	Neisseria meningitidis		
SAMEA8114321	PASS	Neisseria meningitidis		
SAMN42000634	PASS	Neisseria meningitidis	Belgium	2016-03-13
SAMN44030913	PASS	Neisseria meningitidis	New Zealand	2000
SAMEA2674165	PASS	Neisseria meningitidis	Netherlands	2006/2012
SAMEA4948602	PASS	Neisseria meningitidis		
SAMEA7838316	PASS	Neisseria meningitidis		
SAMEA7838631	PASS	Neisseria meningitidis		
SAMEA7838840	PASS	Neisseria meningitidis		
SAMN44030908	PASS	Neisseria meningitidis	New Zealand	1998
SAMN44030958	PASS	Neisseria meningitidis	New Zealand	2006
SAMEA2570298	PASS	Neisseria meningitidis		
SAMN44030903	PASS	Neisseria meningitidis	New Zealand	1997
SAMEA7838789	PASS	Neisseria meningitidis		
SAMN42000898	PASS	Neisseria meningitidis	Belgium	2019-02-06
SAMEA4948514	PASS	Neisseria meningitidis		
SAMEA7741062	PASS	Neisseria meningitidis		
SAMEA7838838	PASS	Neisseria meningitidis		
SAMEA8114187	PASS	Neisseria meningitidis		
SAMEA8114257	PASS	Neisseria meningitidis		
SAMEA3503631	SYLPH_RESULTS_FAIL	unknown		
SAMEA4947977	PASS	Neisseria meningitidis		
SAMEA4948432	PASS	Neisseria meningitidis		
SAMEA7838292	PASS	Neisseria meningitidis		
SAMEA7838544	PASS	Neisseria meningitidis		
SAMEA3432169	PASS	Neisseria meningitidis		
SAMEA6227691	PASS	Neisseria meningitidis		
SAMEA7839022	PASS	Neisseria meningitidis		
SAMEA4948475	PASS	Neisseria meningitidis		
SAMN44030957	PASS	Neisseria meningitidis	New Zealand	2006
SAMN44030993	PASS	Neisseria meningitidis	New Zealand	2010
SAMEA4948459	PASS	Neisseria meningitidis		
SAMEA4948593	PASS	Neisseria meningitidis		
SAMEA8114395	PASS	Neisseria meningitidis		
SAMEA8114431	PASS	Neisseria meningitidis		
SAMEA104283939	PASS	Neisseria meningitidis		
SAMEA4948854	PASS	Neisseria meningitidis		
SAMEA2629228	PASS	Neisseria meningitidis		
SAMEA4948056	PASS	Neisseria meningitidis		
SAMEA7741032	PASS	Neisseria meningitidis		
SAMEA3506873	PASS	Neisseria meningitidis		
SAMEA7838474	PASS	Neisseria meningitidis		
SAMEA8114165	PASS	Neisseria meningitidis		
SAMN08874970	PASS	Neisseria meningitidis	Netherlands	1979
SAMEA1522884	PASS	Neisseria meningitidis	United Kingdom	2011
SAMEA6227692	PASS	Neisseria meningitidis		
SAMEA7838909	PASS	Neisseria meningitidis		
SAMN44030930	PASS	Neisseria meningitidis	New Zealand	2002
SAMEA4948169	PASS	Neisseria meningitidis		
SAMEA7838301	PASS	Neisseria meningitidis		
SAMEA7838306	PASS	Neisseria meningitidis		
SAMN44030989	PASS	Neisseria meningitidis	New Zealand	2009
SAMEA29810668	CHECKM2_MAX_CONTAM,MAX_CONTIG_NUM	Neisseria meningitidis		
SAMEA3432174	PASS	Neisseria meningitidis		
SAMEA4948155	PASS	Neisseria meningitidis		
SAMEA4948463	PASS	Neisseria meningitidis		
SAMEA7838730	PASS	Neisseria meningitidis		
SAMN08874884	PASS	Neisseria meningitidis	Iceland	1977
SAMEA3503590	PASS	Neisseria meningitidis		
SAMEA8114054	PASS	Neisseria meningitidis		
SAMEA1677389	PASS	Neisseria meningitidis		
SAMEA4947990	PASS	Neisseria meningitidis		
SAMEA7838671	PASS	Neisseria meningitidis		
SAMEA14099213	PASS	Neisseria meningitidis		
SAMEA4948297	PASS	Neisseria meningitidis		
SAMEA7838424	PASS	Neisseria meningitidis		
SAMEA103982861	PASS	Neisseria meningitidis		
SAMEA8114076	PASS	Neisseria meningitidis		
SAMEA104189330	CHECKM2_MAX_CONTAM,MAX_CONTIG_NUM,MIN_N50	Neisseria meningitidis	United Kingdom	2010
SAMEA4948157	PASS	Neisseria meningitidis		
SAMEA5280341	PASS	Neisseria meningitidis	Thailand	2009-11-25
SAMEA7838539	PASS	Neisseria meningitidis		
SAMN08874900	PASS	Neisseria meningitidis	Netherlands	1967
SAMEA4948082	PASS	Neisseria meningitidis		
SAMEA110070759	PASS	Neisseria meningitidis		
SAMEA2673947	PASS	Neisseria meningitidis	Netherlands	2006/2012
SAMEA7741125	PASS	Neisseria meningitidis		
SAMEA7839014	PASS	Neisseria meningitidis		
SAMEA8114291	PASS	Neisseria meningitidis		
SAMEA8114419	PASS	Neisseria meningitidis		
SAMEA4948655	PASS	Neisseria meningitidis		
SAMEA7838321	PASS	Neisseria meningitidis		
SAMEA7838865	PASS	Neisseria meningitidis		
SAMN44030891	PASS	Neisseria meningitidis	New Zealand	1994
SAMEA3503444	SYLPH_RESULTS_FAIL	unknown		
SAMEA4948099	PASS	Neisseria meningitidis		
SAMEA5748755	PASS	Neisseria meningitidis		
SAMEA7838502	PASS	Neisseria meningitidis		
SAMEA7838554	PASS	Neisseria meningitidis		
SAMEA7838712	PASS	Neisseria meningitidis		
SAMEA4948097	PASS	Neisseria meningitidis		
SAMEA7741084	PASS	Neisseria meningitidis		
SAMEA7741164	PASS	Neisseria meningitidis		
SAMEA3507224	PASS	Neisseria meningitidis		
SAMEA4719377	PASS	Neisseria meningitidis		
SAMEA7838710	PASS	Neisseria meningitidis		
SAMEA4948875	PASS	Neisseria meningitidis		
SAMEA7838695	PASS	Neisseria meningitidis		
SAMEA3936242	PASS	Neisseria meningitidis		
SAMEA4948016	PASS	Neisseria meningitidis		
SAMEA4948152	PASS	Neisseria meningitidis		
SAMEA4948813	PASS	Neisseria meningitidis		
SAMEA8114382	PASS	Neisseria meningitidis		
SAMN29407258	PASS	Neisseria meningitidis	USA	2006
SAMEA8114293	PASS	Neisseria meningitidis		
SAMEA4947924	PASS	Neisseria meningitidis		
SAMEA4948183	PASS	Neisseria meningitidis		
SAMEA678220	CHECKM2_MAX_CONTAM,MAX_CONTIG_NUM,MIN_N50	Neisseria meningitidis		
SAMEA8114279	PASS	Neisseria meningitidis		
SAMEA8114416	PASS	Neisseria meningitidis		
SAMEA104105367	PASS	Neisseria meningitidis		
SAMEA2629082	PASS	Neisseria meningitidis		
SAMEA3503589	PASS	Neisseria meningitidis		
SAMEA3506853	PASS	Neisseria meningitidis		
SAMEA5748444	PASS	Neisseria meningitidis		
SAMEA7838623	PASS	Neisseria meningitidis		
SAMEA7838949	PASS	Neisseria meningitidis		
SAMEA8114062	PASS	Neisseria meningitidis		
SAMEA2674281	PASS	Neisseria meningitidis		
SAMEA4948095	PASS	Neisseria meningitidis		
SAMEA4948331	PASS	Neisseria meningitidis		
SAMEA5539679	PASS	Neisseria meningitidis		
SAMEA7838379	PASS	Neisseria meningitidis		
SAMEA8114388	PASS	Neisseria meningitidis		
SAMEA1706896	PASS	Neisseria meningitidis		
SAMEA3432233	PASS	Neisseria meningitidis		
SAMEA7838291	PASS	Neisseria meningitidis		
SAMEA7838569	PASS	Neisseria meningitidis		
SAMEA7838698	PASS	Neisseria meningitidis		
SAMEA37736668	PASS	Neisseria meningitidis		
SAMEA4948118	PASS	Neisseria meningitidis		
SAMEA4948149	PASS	Neisseria meningitidis		
SAMEA4948279	PASS	Neisseria meningitidis		
SAMEA4948280	PASS	Neisseria meningitidis		
SAMEA4948568	PASS	Neisseria meningitidis		
SAMEA3661897	PASS	Neisseria meningitidis		
SAMEA7838902	PASS	Neisseria meningitidis		
SAMEA4948091	PASS	Neisseria meningitidis		
SAMEA5749281	PASS	Neisseria meningitidis		
SAMEA7838787	PASS	Neisseria meningitidis		
SAMEA7838906	PASS	Neisseria meningitidis		
SAMEA1706795	PASS	Neisseria meningitidis		
SAMEA2820779	PASS	Neisseria meningitidis		
SAMEA4948791	PASS	Neisseria meningitidis		
SAMEA7838302	PASS	Neisseria meningitidis		
SAMEA8114246	PASS	Neisseria meningitidis		
SAMEA8114336	PASS	Neisseria meningitidis		
SAMN42000620	PASS	Neisseria meningitidis	Belgium	2016-02-03
SAMEA3432276	PASS	Neisseria meningitidis		
SAMEA4947930	PASS	Neisseria meningitidis		
SAMEA4948335	PASS	Neisseria meningitidis		
SAMEA4948736	PASS	Neisseria meningitidis		
SAMN13450728	PASS	Neisseria meningitidis	New Zealand	2013
SAMEA2820743	PASS	Neisseria meningitidis		
SAMEA4948873	PASS	Neisseria meningitidis		
SAMEA7741077	PASS	Neisseria meningitidis		
SAMEA7838956	PASS	Neisseria meningitidis		
SAMEA8114417	PASS	Neisseria meningitidis		
SAMEA4947921	PASS	Neisseria meningitidis		
SAMEA7838826	PASS	Neisseria meningitidis		
SAMEA13187376	CHECKM2_MAX_CONTAM,MAX_CONTIG_NUM	Neisseria meningitidis		
SAMEA7838484	PASS	Neisseria meningitidis		
SAMEA7838809	PASS	Neisseria meningitidis		
SAMEA7838944	PASS	Neisseria meningitidis		
SAMEA7839023	PASS	Neisseria meningitidis		
SAMN47447545	CHECKM2_MAX_CONTAM,SYLPH_RESULTS_FAIL	unknown	Australia	2018
SAMEA5748473	PASS	Neisseria meningitidis		
SAMEA7741017	PASS	Neisseria meningitidis		
SAMEA7838747	PASS	Neisseria meningitidis		
SAMEA7838927	PASS	Neisseria meningitidis		
SAMEA7838995	PASS	Neisseria meningitidis		
SAMEA4948046	PASS	Neisseria meningitidis		
SAMEA4948436	PASS	Neisseria meningitidis		
SAMEA8114397	PASS	Neisseria meningitidis		
SAMEA4948141	PASS	Neisseria meningitidis		
SAMEA8114110	PASS	Neisseria meningitidis		
SAMEA104354115	PASS	Neisseria meningitidis	New Zealand	1997
SAMEA4948369	PASS	Neisseria meningitidis		
SAMEA5749043	PASS	Neisseria meningitidis		
SAMEA8114256	PASS	Neisseria meningitidis		
SAMN13450763	PASS	Neisseria meningitidis	New Zealand	2013
SAMEA1706832	PASS	Neisseria meningitidis		
SAMEA4948429	PASS	Neisseria meningitidis		
SAMEA5749277	PASS	Neisseria meningitidis		
SAMEA7839018	PASS	Neisseria meningitidis		
SAMEA3503608	PASS	Neisseria meningitidis		
SAMEA7838837	PASS	Neisseria meningitidis		
SAMEA4947958	PASS	Neisseria meningitidis		
SAMEA4948291	PASS	Neisseria meningitidis		
SAMEA4948443	PASS	Neisseria meningitidis		
SAMEA4948812	PASS	Neisseria meningitidis		
SAMEA8114235	PASS	Neisseria meningitidis		
SAMEA3109099	PASS	Neisseria meningitidis		
SAMEA5749163	PASS	Neisseria meningitidis		
SAMEA5749177	PASS	Neisseria meningitidis		
SAMN44030980	PASS	Neisseria meningitidis	New Zealand	2007
SAMEA2547843	PASS	Neisseria meningitidis		
SAMEA2674411	PASS	Neisseria meningitidis		
SAMEA4948067	PASS	Neisseria meningitidis		
SAMN44030914	PASS	Neisseria meningitidis	New Zealand	2000
SAMEA114393175	PASS	Neisseria meningitidis	Portugal	2014
SAMEA2674382	PASS	Neisseria meningitidis		
SAMEA2674420	PASS	Neisseria meningitidis		
SAMEA4947951	PASS	Neisseria meningitidis		
SAMEA7838256	PASS	Neisseria meningitidis		
SAMEA7838413	PASS	Neisseria meningitidis		
SAMEA7838440	PASS	Neisseria meningitidis		
SAMEA7838960	PASS	Neisseria meningitidis		
SAMEA103982776	PASS	Neisseria meningitidis		
SAMEA3504004	PASS	Neisseria meningitidis		
SAMEA7838715	PASS	Neisseria meningitidis		
SAMEA7838717	PASS	Neisseria meningitidis		
SAMEA8114196	PASS	Neisseria meningitidis		
SAMEA2299180	PASS	Neisseria meningitidis		
SAMEA2674202	PASS	Neisseria meningitidis	Netherlands	2006/2012
SAMEA4948306	PASS	Neisseria meningitidis		
SAMEA5749027	PASS	Neisseria meningitidis		
SAMEA7741026	PASS	Neisseria meningitidis		
SAMN44030893	PASS	Neisseria meningitidis	New Zealand	1994
SAMEA6227686	PASS	Neisseria meningitidis		
SAMEA7838753	PASS	Neisseria meningitidis		
SAMN03944749	PASS	Neisseria meningitidis	Germany	2002
SAMN44030937	PASS	Neisseria meningitidis	New Zealand	2002
SAMEA2628754	PASS	Neisseria meningitidis		
SAMEA8114057	PASS	Neisseria meningitidis		
SAMEA4948567	PASS	Neisseria meningitidis		
SAMEA2673842	PASS	Neisseria meningitidis		
SAMEA4948188	PASS	Neisseria meningitidis		
SAMEA5749088	PASS	Neisseria meningitidis		
SAMEA7741027	PASS	Neisseria meningitidis		
SAMEA2820807	PASS	Neisseria meningitidis		
SAMEA4948057	PASS	Neisseria meningitidis		
SAMEA4948418	PASS	Neisseria meningitidis		
SAMEA8114418	PASS	Neisseria meningitidis		
SAMEA114226795	PASS	Neisseria meningitidis	United Kingdom	2022
SAMEA4948878	PASS	Neisseria meningitidis		
SAMEA5748470	PASS	Neisseria meningitidis		
SAMEA8114053	PASS	Neisseria meningitidis		
SAMEA2820791	PASS	Neisseria meningitidis		
SAMEA3503653	SYLPH_RESULTS_FAIL	unknown		
SAMEA4719359	PASS	Neisseria meningitidis		
SAMEA4948070	PASS	Neisseria meningitidis		
SAMEA4948428	PASS	Neisseria meningitidis		
SAMEA4948788	PASS	Neisseria meningitidis		
SAMEA7741012	PASS	Neisseria meningitidis		
SAMEA7839021	PASS	Neisseria meningitidis		
SAMEA4948430	PASS	Neisseria meningitidis		
SAMEA7741087	PASS	Neisseria meningitidis		
SAMEA7741120	PASS	Neisseria meningitidis		
SAMEA7838891	PASS	Neisseria meningitidis		
SAMEA7838504	PASS	Neisseria meningitidis		
SAMEA7838824	PASS	Neisseria meningitidis		
SAMEA4948818	PASS	Neisseria meningitidis		
SAMEA7838513	PASS	Neisseria meningitidis		
SAMEA8114146	PASS	Neisseria meningitidis		
SAMEA2738458	SYLPH_RESULTS_FAIL	unknown		
SAMEA4947944	PASS	Neisseria meningitidis		
SAMEA4948502	PASS	Neisseria meningitidis		
SAMEA4948710	PASS	Neisseria meningitidis		
SAMEA7838516	PASS	Neisseria meningitidis		
SAMEA8114337	PASS	Neisseria meningitidis		
SAMN44030965	PASS	Neisseria meningitidis	New Zealand	2006
SAMEA4947998	PASS	Neisseria meningitidis		
SAMEA5749290	PASS	Neisseria meningitidis		
SAMEA7839008	PASS	Neisseria meningitidis		
SAMEA8114203	PASS	Neisseria meningitidis		
SAMEA2074094	PASS	Neisseria meningitidis		
SAMEA5749299	PASS	Neisseria meningitidis		
SAMEA7741029	PASS	Neisseria meningitidis		
SAMEA7838649	PASS	Neisseria meningitidis		
SAMEA7838740	PASS	Neisseria meningitidis		
SAMEA4948395	PASS	Neisseria meningitidis		
SAMEA4948746	PASS	Neisseria meningitidis		
SAMEA7838327	PASS	Neisseria meningitidis		
SAMEA4948242	PASS	Neisseria meningitidis		
SAMEA4948373	PASS	Neisseria meningitidis		
SAMEA4948490	PASS	Neisseria meningitidis		
SAMEA7838260	PASS	Neisseria meningitidis		
SAMEA14099218	PASS	Neisseria meningitidis		
SAMEA5748672	PASS	Neisseria meningitidis		
SAMEA8114242	PASS	Neisseria meningitidis		
SAMEA2674508	PASS	Neisseria meningitidis		
SAMEA2820777	PASS	Neisseria meningitidis		
SAMEA7741100	PASS	Neisseria meningitidis		
SAMN44030963	PASS	Neisseria meningitidis	New Zealand	2006
SAMEA1523249	PASS	Neisseria meningitidis	United Kingdom	2010
SAMEA4948038	PASS	Neisseria meningitidis		
SAMEA4948872	PASS	Neisseria meningitidis		
SAMEA8114139	PASS	Neisseria meningitidis		
SAMEA8114254	PASS	Neisseria meningitidis		
SAMEA8114070	PASS	Neisseria meningitidis		
SAMEA8114328	PASS	Neisseria meningitidis		
SAMEA4948034	PASS	Neisseria meningitidis		
SAMEA4948817	PASS	Neisseria meningitidis		
SAMEA5749257	PASS	Neisseria meningitidis		
SAMEA7838970	PASS	Neisseria meningitidis		
SAMEA2820771	PASS	Neisseria meningitidis		
SAMEA6227515	PASS	Neisseria meningitidis		
SAMEA7838647	PASS	Neisseria meningitidis		
SAMEA8114387	PASS	Neisseria meningitidis		
SAMEA4947962	PASS	Neisseria meningitidis		
SAMEA4948403	PASS	Neisseria meningitidis		
SAMEA4948860	PASS	Neisseria meningitidis		
SAMEA7741136	PASS	Neisseria meningitidis		
SAMEA8114229	PASS	Neisseria meningitidis		
SAMEA1706810	PASS	Neisseria meningitidis		
SAMEA7838812	PASS	Neisseria meningitidis		
SAMEA8114222	PASS	Neisseria meningitidis		
SAMEA8114285	PASS	Neisseria meningitidis		
SAMEA112236987	PASS	Neisseria meningitidis	United Kingdom	2022
SAMEA7838265	PASS	Neisseria meningitidis		
SAMEA8114353	PASS	Neisseria meningitidis		
SAMEA8114400	PASS	Neisseria meningitidis		
SAMEA7838271	PASS	Neisseria meningitidis		
SAMEA7838570	PASS	Neisseria meningitidis		
SAMEA4719107	PASS	Neisseria meningitidis		
SAMEA4947984	PASS	Neisseria meningitidis		
SAMEA4948316	PASS	Neisseria meningitidis		
SAMEA7838325	PASS	Neisseria meningitidis		
SAMEA8114217	PASS	Neisseria meningitidis		
SAMN35339305	PASS	Neisseria meningitidis	New Zealand	1993
SAMEA14099217	PASS	Neisseria meningitidis		
SAMEA2629081	PASS	Neisseria meningitidis		
SAMEA6227729	PASS	Neisseria meningitidis		
SAMEA7741133	PASS	Neisseria meningitidis		
SAMEA7838281	PASS	Neisseria meningitidis		
SAMEA7838324	PASS	Neisseria meningitidis		
SAMEA2674278	PASS	Neisseria meningitidis	Netherlands	2006/2012
SAMEA4948810	PASS	Neisseria meningitidis		
SAMEA2738451	CHECKM2_MAX_CONTAM,SYLPH_RESULTS_FAIL	unknown		
SAMEA7838590	PASS	Neisseria meningitidis		
SAMEA3432309	PASS	Neisseria meningitidis		
SAMEA7838993	PASS	Neisseria meningitidis		
SAMN44030929	PASS	Neisseria meningitidis	New Zealand	2002
SAMEA2629225	PASS	Neisseria meningitidis		
SAMEA7838336	PASS	Neisseria meningitidis		
SAMEA4947938	PASS	Neisseria meningitidis		
SAMEA4948386	PASS	Neisseria meningitidis		
SAMEA7838376	PASS	Neisseria meningitidis		
SAMEA7838612	PASS	Neisseria meningitidis		
SAMEA7838948	PASS	Neisseria meningitidis		
SAMEA1904424	PASS	Neisseria meningitidis	United Kingdom	2011
SAMEA4948109	PASS	Neisseria meningitidis		
SAMEA6227685	PASS	Neisseria meningitidis		
SAMEA7838821	PASS	Neisseria meningitidis		
SAMEA8114133	PASS	Neisseria meningitidis		
SAMEA2674283	PASS	Neisseria meningitidis		
SAMEA2820754	PASS	Neisseria meningitidis		
SAMEA4948300	PASS	Neisseria meningitidis		
SAMEA4948384	PASS	Neisseria meningitidis		
SAMEA5748450	SYLPH_RESULTS_FAIL	unknown		
SAMEA5748468	PASS	Neisseria meningitidis		
SAMEA6227003	PASS	Neisseria meningitidis		
SAMEA678418	PASS	Neisseria meningitidis		
SAMEA2271733	PASS	Neisseria meningitidis		
SAMEA4947919	PASS	Neisseria meningitidis		
SAMEA4948276	PASS	Neisseria meningitidis		
SAMEA4948340	PASS	Neisseria meningitidis		
SAMEA5748471	PASS	Neisseria meningitidis		
SAMEA7741001	PASS	Neisseria meningitidis		
SAMEA7741095	PASS	Neisseria meningitidis		
SAMEA7741144	PASS	Neisseria meningitidis		
SAMEA1706829	PASS	Neisseria meningitidis		
SAMEA4948265	PASS	Neisseria meningitidis		
SAMEA8114131	PASS	Neisseria meningitidis		
SAMEA8114317	CHECKM2_MAX_CONTAM,SYLPH_RESULTS_FAIL	unknown		
SAMEA4948022	PASS	Neisseria meningitidis		
SAMEA4948542	PASS	Neisseria meningitidis		
SAMEA7741116	PASS	Neisseria meningitidis		
SAMEA2673996	PASS	Neisseria meningitidis	Netherlands	2006/2012
SAMEA2674142	PASS	Neisseria meningitidis	Netherlands	2006/2012
SAMEA4948470	PASS	Neisseria meningitidis		
SAMEA4948782	PASS	Neisseria meningitidis		
SAMEA4948804	PASS	Neisseria meningitidis		
SAMEA7838904	PASS	Neisseria meningitidis		
SAMEA3109085	PASS	Neisseria meningitidis		
SAMEA4948550	PASS	Neisseria meningitidis		
SAMEA5748765	PASS	Neisseria meningitidis		
SAMEA1904468	PASS	Neisseria meningitidis	United Kingdom	2011
SAMEA2271356	PASS	Neisseria meningitidis		
SAMEA2738500	CHECKM2_MAX_CONTAM,SYLPH_RESULTS_FAIL	unknown		
SAMEA4948361	PASS	Neisseria meningitidis		
SAMEA4948438	PASS	Neisseria meningitidis		
SAMEA4948489	PASS	Neisseria meningitidis		
SAMEA5749164	PASS	Neisseria meningitidis		
SAMEA7838490	PASS	Neisseria meningitidis		
SAMEA1094401	PASS	Neisseria meningitidis	United Kingdom	2010
SAMEA4948734	PASS	Neisseria meningitidis		
SAMEA7838616	PASS	Neisseria meningitidis		
SAMEA8114380	PASS	Neisseria meningitidis		
SAMN44030928	PASS	Neisseria meningitidis	New Zealand	2002
SAMEA2738508	CHECKM2_MAX_CONTAM,SYLPH_RESULTS_FAIL	unknown		
SAMEA4948304	PASS	Neisseria meningitidis		
SAMEA6227107	PASS	Neisseria meningitidis		
SAMEA7838482	PASS	Neisseria meningitidis		
SAMEA7838665	PASS	Neisseria meningitidis		
SAMEA7838745	PASS	Neisseria meningitidis		
SAMEA8114223	PASS	Neisseria meningitidis		
SAMEA4948457	PASS	Neisseria meningitidis		
SAMEA4948586	PASS	Neisseria meningitidis		
SAMEA4948768	PASS	Neisseria meningitidis		
SAMEA5749036	PASS	Neisseria meningitidis		
SAMEA7838448	PASS	Neisseria meningitidis		
SAMEA8114344	PASS	Neisseria meningitidis		
SAMEA1706802	PASS	Neisseria meningitidis		
SAMEA2820824	PASS	Neisseria meningitidis		
SAMEA3507285	PASS	Neisseria meningitidis		
SAMEA4948695	PASS	Neisseria meningitidis		
SAMEA4948700	PASS	Neisseria meningitidis		
SAMEA7838597	PASS	Neisseria meningitidis		
SAMEA104105371	PASS	Neisseria meningitidis		
SAMEA4948660	PASS	Neisseria meningitidis		
SAMEA3506794	PASS	Neisseria meningitidis		
SAMEA4948485	PASS	Neisseria meningitidis		
SAMEA6538798	PASS	Neisseria meningitidis		
SAMEA8114278	PASS	Neisseria meningitidis		
SAMEA2629080	PASS	Neisseria meningitidis		
SAMEA8114098	PASS	Neisseria meningitidis		
SAMEA2674289	PASS	Neisseria meningitidis	Netherlands	2006/2012
SAMEA3503837	SYLPH_RESULTS_FAIL	unknown		
SAMEA3507035	PASS	Neisseria meningitidis		
SAMEA4948039	PASS	Neisseria meningitidis		
SAMEA7741137	PASS	Neisseria meningitidis		
SAMEA7838810	PASS	Neisseria meningitidis		
SAMEA8114185	PASS	Neisseria meningitidis		
SAMEA2820752	PASS	Neisseria meningitidis		
SAMEA4947969	PASS	Neisseria meningitidis		
SAMEA4948387	PASS	Neisseria meningitidis		
SAMEA5749205	PASS	Neisseria meningitidis		
SAMEA7838337	PASS	Neisseria meningitidis		
SAMEA1522902	PASS	Neisseria meningitidis	United Kingdom	2011
SAMEA4948089	PASS	Neisseria meningitidis		
SAMEA4948144	PASS	Neisseria meningitidis		
SAMEA4948212	PASS	Neisseria meningitidis		
SAMEA4948255	PASS	Neisseria meningitidis		
SAMEA7741140	PASS	Neisseria meningitidis		
SAMN13450759	PASS	Neisseria meningitidis	New Zealand	2013
SAMEA4948201	PASS	Neisseria meningitidis		
SAMEA4948495	PASS	Neisseria meningitidis		
SAMEA7838383	PASS	Neisseria meningitidis		
SAMEA111347864	PASS	Neisseria meningitidis	Norway	2010-06-14
SAMEA2674090	PASS	Neisseria meningitidis		
SAMEA7838950	PASS	Neisseria meningitidis		
SAMN35339257	PASS	Neisseria meningitidis	New Zealand	1991
SAMEA112237038	PASS	Neisseria meningitidis	United Kingdom	2022
SAMEA4947955	PASS	Neisseria meningitidis		
SAMEA4948488	PASS	Neisseria meningitidis		
SAMEA7839017	PASS	Neisseria meningitidis		
SAMEA104354118	PASS	Neisseria meningitidis	New Zealand	1997
SAMEA4948088	PASS	Neisseria meningitidis		
SAMEA4948656	PASS	Neisseria meningitidis		
SAMN44030912	PASS	Neisseria meningitidis	New Zealand	2000
SAMN44030973	PASS	Neisseria meningitidis	New Zealand	2007
SAMEA4948471	PASS	Neisseria meningitidis		
SAMEA8114324	PASS	Neisseria meningitidis		
SAMEA2820806	PASS	Neisseria meningitidis		
SAMEA4948150	PASS	Neisseria meningitidis		
SAMEA7741067	PASS	Neisseria meningitidis		
SAMN42000654	PASS	Neisseria meningitidis	Belgium	2016-06-13
SAMEA4948206	PASS	Neisseria meningitidis		
SAMEA4948562	PASS	Neisseria meningitidis		
SAMEA8114121	PASS	Neisseria meningitidis		
SAMN44030962	PASS	Neisseria meningitidis	New Zealand	2006
SAMEA1523140	PASS	Neisseria meningitidis	United Kingdom	2010
SAMEA3109207	PASS	Neisseria meningitidis		
SAMEA4948329	PASS	Neisseria meningitidis		
SAMEA7741096	PASS	Neisseria meningitidis		
SAMEA7838462	PASS	Neisseria meningitidis		
SAMEA7838765	PASS	Neisseria meningitidis		
SAMEA3947140	PASS	Neisseria meningitidis		
SAMEA4719256	PASS	Neisseria meningitidis		
SAMEA7838350	PASS	Neisseria meningitidis		
SAMEA7838475	PASS	Neisseria meningitidis		
SAMEA7838876	PASS	Neisseria meningitidis		
SAMEA8114194	PASS	Neisseria meningitidis		
SAMEA3503619	PASS	Neisseria meningitidis		
SAMEA5748455	PASS	Neisseria meningitidis		
SAMEA5749139	PASS	Neisseria meningitidis		
SAMEA7741047	PASS	Neisseria meningitidis		
SAMEA7838988	PASS	Neisseria meningitidis		
SAMEA8114198	PASS	Neisseria meningitidis		
SAMEA2674322	PASS	Neisseria meningitidis		
SAMEA4483338	PASS	Neisseria meningitidis		
SAMEA7838456	PASS	Neisseria meningitidis		
SAMEA8114226	PASS	Neisseria meningitidis		
SAMN04875546	SYLPH_RESULTS_FAIL	unknown	United Kingdom	Missing
SAMEA2047526	PASS	Neisseria meningitidis	United Kingdom	2012
SAMEA2820758	PASS	Neisseria meningitidis		
SAMEA4948049	PASS	Neisseria meningitidis		
SAMEA7838509	PASS	Neisseria meningitidis		
SAMEA7838521	PASS	Neisseria meningitidis		
SAMEA7838585	PASS	Neisseria meningitidis		
SAMEA8114103	PASS	Neisseria meningitidis		
SAMEA8114270	PASS	Neisseria meningitidis		
SAMEA4948313	PASS	Neisseria meningitidis		
SAMEA4948406	PASS	Neisseria meningitidis		
SAMEA4948496	PASS	Neisseria meningitidis		
SAMEA4948824	PASS	Neisseria meningitidis		
SAMEA8114192	PASS	Neisseria meningitidis		
SAMEA4948393	PASS	Neisseria meningitidis		
SAMEA4948519	PASS	Neisseria meningitidis		
SAMEA8114086	PASS	Neisseria meningitidis		
SAMEA8114412	PASS	Neisseria meningitidis		
SAMEA115182310	CHECKM2_MAX_CONTAM,MAX_CONTIG_NUM,MIN_N50	Neisseria meningitidis	United Kingdom	2019
SAMEA8114197	PASS	Neisseria meningitidis		
SAMEA8114354	PASS	Neisseria meningitidis		
SAMN08874867	PASS	Neisseria meningitidis	Greece	1992
SAMN13450856	PASS	Neisseria meningitidis	New Zealand	2016
SAMEA2820778	PASS	Neisseria meningitidis		
SAMEA7838401	PASS	Neisseria meningitidis		
SAMEA7838771	PASS	Neisseria meningitidis		
SAMEA4948689	PASS	Neisseria meningitidis		
SAMEA6227718	PASS	Neisseria meningitidis		
SAMEA7838268	PASS	Neisseria meningitidis		
SAMEA7838729	PASS	Neisseria meningitidis		
SAMEA7838982	PASS	Neisseria meningitidis		
SAMEA2628753	PASS	Neisseria meningitidis		
SAMEA2674432	PASS	Neisseria meningitidis	Netherlands	2006/2012
SAMEA5748748	PASS	Neisseria meningitidis		
SAMEA5748759	PASS	Neisseria meningitidis		
SAMEA7838686	PASS	Neisseria meningitidis		
SAMN44031002	PASS	Neisseria meningitidis	New Zealand	2011
SAMEA5749217	PASS	Neisseria meningitidis		
SAMEA7838287	PASS	Neisseria meningitidis		
SAMEA112236982	PASS	Neisseria meningitidis	United Kingdom	2022
SAMEA4948032	PASS	Neisseria meningitidis		
SAMEA4948225	PASS	Neisseria meningitidis		
SAMEA7838785	PASS	Neisseria meningitidis		
SAMEA7839009	PASS	Neisseria meningitidis		
SAMEA8114158	PASS	Neisseria meningitidis		
SAMEA8114189	PASS	Neisseria meningitidis		
SAMN35339245	PASS	Neisseria meningitidis	New Zealand	1991
SAMEA7838877	PASS	Neisseria meningitidis		
SAMEA3503161	PASS	Neisseria meningitidis		
SAMEA4948343	PASS	Neisseria meningitidis		
SAMEA4948686	PASS	Neisseria meningitidis		
SAMEA4948379	PASS	Neisseria meningitidis		
SAMEA8114309	PASS	Neisseria meningitidis		
SAMEA8114434	PASS	Neisseria meningitidis		
SAMEA1706825	PASS	Neisseria meningitidis		
SAMEA7838815	PASS	Neisseria meningitidis		
SAMEA8114108	PASS	Neisseria meningitidis		
SAMEA8114262	PASS	Neisseria meningitidis		
SAMEA3879257	PASS	Neisseria meningitidis		
SAMEA4948065	PASS	Neisseria meningitidis		
SAMEA4948468	PASS	Neisseria meningitidis		
SAMEA4948728	PASS	Neisseria meningitidis		
SAMEA5748173	PASS	Neisseria meningitidis		
SAMEA5749138	PASS	Neisseria meningitidis		
SAMEA5280352	PASS	Neisseria meningitidis	Thailand	2014-02-15
SAMEA5748456	PASS	Neisseria meningitidis		
SAMEA7838844	PASS	Neisseria meningitidis		
SAMEA8114297	PASS	Neisseria meningitidis		
SAMN13450939	PASS	Neisseria meningitidis	New Zealand	2017
SAMEA4948028	PASS	Neisseria meningitidis		
SAMEA5749115	PASS	Neisseria meningitidis		
SAMN42000992	PASS	Neisseria meningitidis	Belgium	2020-01-12
SAMEA3507272	PASS	Neisseria meningitidis		
SAMEA4947956	PASS	Neisseria meningitidis		
SAMEA3503609	PASS	Neisseria meningitidis		
SAMEA7838634	PASS	Neisseria meningitidis		
SAMEA7838709	PASS	Neisseria meningitidis		
SAMEA7838767	PASS	Neisseria meningitidis		
SAMN42000758	SYLPH_RESULTS_FAIL	unknown	Belgium	2017-10-17
SAMEA7838396	PASS	Neisseria meningitidis		
SAMN32815805	PASS	Neisseria meningitidis	USA	2018
SAMEA4948539	PASS	Neisseria meningitidis		
SAMEA4948640	PASS	Neisseria meningitidis		
SAMEA7741079	PASS	Neisseria meningitidis		
SAMEA7838372	PASS	Neisseria meningitidis		
SAMEA7838748	PASS	Neisseria meningitidis		
SAMEA4948198	PASS	Neisseria meningitidis		
SAMEA5757518	PASS	Neisseria meningitidis		
SAMEA7838793	PASS	Neisseria meningitidis		
SAMEA2271326	PASS	Neisseria meningitidis		
SAMEA4948207	PASS	Neisseria meningitidis		
SAMEA4948301	PASS	Neisseria meningitidis		
SAMEA7838742	PASS	Neisseria meningitidis		
SAMEA7838954	PASS	Neisseria meningitidis		
SAMEA7838977	PASS	Neisseria meningitidis		
SAMEA2674119	PASS	Neisseria meningitidis		
SAMEA3503657	SYLPH_RESULTS_FAIL	unknown		
SAMEA7838655	PASS	Neisseria meningitidis		
SAMEA8114343	PASS	Neisseria meningitidis		
SAMEA4948585	PASS	Neisseria meningitidis		
SAMEA7838454	PASS	Neisseria meningitidis		
SAMEA7838689	PASS	Neisseria meningitidis		
SAMEA2674305	PASS	Neisseria meningitidis	Netherlands	2006/2012
SAMEA3373460	PASS	Neisseria gonorrhoeae		
SAMEA4948509	PASS	Neisseria meningitidis		
SAMEA4948704	PASS	Neisseria meningitidis		
SAMEA6227697	PASS	Neisseria meningitidis		
SAMEA7838425	PASS	Neisseria meningitidis		
SAMEA4947999	PASS	Neisseria meningitidis		
SAMEA4948715	PASS	Neisseria meningitidis		
SAMEA5749075	PASS	Neisseria meningitidis		
SAMEA37379668	PASS	Neisseria meningitidis		
SAMEA7838964	PASS	Neisseria meningitidis		
SAMEA8114263	PASS	Neisseria meningitidis		
SAMEA3507286	PASS	Neisseria meningitidis		
SAMEA7838656	PASS	Neisseria meningitidis		
SAMEA115805637	CHECKM2_MAX_CONTAM,MAX_CONTIG_NUM	Neisseria meningitidis	United Kingdom	2019
SAMEA7838617	PASS	Neisseria meningitidis		
SAMEA8114088	PASS	Neisseria meningitidis		
SAMN08874836	SYLPH_RESULTS_FAIL	unknown	Netherlands	1979
SAMEA4948128	PASS	Neisseria meningitidis		
SAMEA4948390	PASS	Neisseria meningitidis		
SAMEA6227706	PASS	Neisseria meningitidis		
SAMN44030919	PASS	Neisseria meningitidis	New Zealand	2001
SAMN44030938	PASS	Neisseria meningitidis	New Zealand	2003
SAMEA4948170	PASS	Neisseria meningitidis		
SAMEA5749222	PASS	Neisseria meningitidis		
SAMEA8114247	PASS	Neisseria meningitidis		
SAMEA4948453	PASS	Neisseria meningitidis		
SAMEA7838280	PASS	Neisseria meningitidis		
SAMEA7838766	PASS	Neisseria meningitidis		
SAMEA2820818	PASS	Neisseria meningitidis		
SAMEA4361311	PASS	Neisseria meningitidis		
SAMEA8114350	PASS	Neisseria meningitidis		
SAMN35339267	PASS	Neisseria meningitidis	New Zealand	1992
SAMEA2674339	PASS	Neisseria meningitidis		
SAMEA5749273	PASS	Neisseria meningitidis		
SAMEA7838393	PASS	Neisseria meningitidis		
SAMEA7838534	PASS	Neisseria meningitidis		
SAMEA8114179	PASS	Neisseria meningitidis		
SAMEA8114231	PASS	Neisseria meningitidis		
SAMEA8114436	PASS	Neisseria meningitidis		
SAMEA115428223	PASS	Neisseria meningitidis	United Kingdom	2019
SAMEA2738430	SYLPH_RESULTS_FAIL	unknown		
SAMEA4948131	PASS	Neisseria meningitidis		
SAMEA8114282	PASS	Neisseria meningitidis		
SAMEA4947946	PASS	Neisseria meningitidis		
SAMEA7741058	PASS	Neisseria meningitidis		
SAMEA7838641	PASS	Neisseria meningitidis		
SAMEA7838752	PASS	Neisseria meningitidis		
SAMN44030981	PASS	Neisseria meningitidis	New Zealand	2007
SAMEA13187520	PASS	Neisseria meningitidis		
SAMEA4532603	PASS	Neisseria meningitidis		
SAMEA4948233	PASS	Neisseria meningitidis		
SAMEA7838340	PASS	Neisseria meningitidis		
SAMEA7741068	PASS	Neisseria meningitidis		
SAMEA7838607	PASS	Neisseria meningitidis		
SAMEA7838951	PASS	Neisseria meningitidis		
SAMEA2271503	PASS	Neisseria meningitidis		
SAMEA4948117	PASS	Neisseria meningitidis		
SAMEA4948383	PASS	Neisseria meningitidis		
SAMEA4948749	PASS	Neisseria meningitidis		
SAMEA3503541	PASS	Neisseria meningitidis		
SAMEA5748474	PASS	Neisseria meningitidis		
SAMEA678134	PASS	Neisseria meningitidis		
SAMEA7741135	PASS	Neisseria meningitidis		
SAMEA7838704	PASS	Neisseria meningitidis		
SAMEA8114307	PASS	Neisseria meningitidis		
SAMEA1523062	PASS	Neisseria meningitidis	United Kingdom	2010
SAMEA7838367	PASS	Neisseria meningitidis		
SAMEA8114236	PASS	Neisseria meningitidis		
SAMEA6227316	PASS	Neisseria meningitidis		
SAMEA8114218	PASS	Neisseria meningitidis		
SAMEA8114259	PASS	Neisseria meningitidis		
SAMEA4948077	PASS	Neisseria meningitidis		
SAMEA4948215	PASS	Neisseria meningitidis		
SAMEA4948285	PASS	Neisseria meningitidis		
SAMEA5748756	PASS	Neisseria meningitidis		
SAMEA5749169	PASS	Neisseria meningitidis		
SAMEA7838606	PASS	Neisseria meningitidis		
SAMEA2820794	PASS	Neisseria meningitidis		
SAMEA4948072	PASS	Neisseria meningitidis		
SAMEA6227720	PASS	Neisseria meningitidis		
SAMEA7838705	PASS	Neisseria meningitidis		
SAMN13450862	PASS	Neisseria meningitidis	New Zealand	2016
SAMEA4063261	PASS	Neisseria meningitidis		
SAMEA4948666	PASS	Neisseria meningitidis		
SAMEA8114365	PASS	Neisseria meningitidis		
SAMN13450836	PASS	Neisseria meningitidis	New Zealand	2015
SAMEA4361404	PASS	Neisseria meningitidis		
SAMEA4948145	PASS	Neisseria meningitidis		
SAMEA5749076	PASS	Neisseria meningitidis		
SAMEA7838930	PASS	Neisseria meningitidis		
SAMEA4948398	PASS	Neisseria meningitidis		
SAMEA5749032	PASS	Neisseria meningitidis		
SAMEA14099219	PASS	Neisseria meningitidis		
SAMEA2271508	PASS	Neisseria meningitidis		
SAMEA2820793	PASS	Neisseria meningitidis		
SAMEA4947980	PASS	Neisseria meningitidis		
SAMEA7741124	PASS	Neisseria meningitidis		
SAMEA7838743	PASS	Neisseria meningitidis		
SAMEA7838751	PASS	Neisseria meningitidis		
SAMEA7838845	PASS	Neisseria meningitidis		
SAMEA7838919	PASS	Neisseria meningitidis		
SAMEA7838983	PASS	Neisseria meningitidis		
SAMEA8114329	PASS	Neisseria meningitidis		
SAMEA678489	PASS	Neisseria meningitidis		
SAMEA7741071	PASS	Neisseria meningitidis		
SAMEA7838532	PASS	Neisseria meningitidis		
SAMEA7838864	PASS	Neisseria meningitidis		
SAMEA8114210	PASS	Neisseria meningitidis		
SAMN42000844	PASS	Neisseria meningitidis	Belgium	2018-07-03
SAMN44030905	PASS	Neisseria meningitidis	New Zealand	1997
SAMEA114226781	PASS	Neisseria meningitidis	United Kingdom	2023
SAMEA6227721	PASS	Neisseria meningitidis		
SAMEA2674320	PASS	Neisseria meningitidis		
SAMEA4948160	PASS	Neisseria meningitidis		
SAMEA7838365	PASS	Neisseria meningitidis		
SAMEA7838535	PASS	Neisseria meningitidis		
SAMEA7838673	PASS	Neisseria meningitidis		
SAMEA5748453	PASS	Neisseria meningitidis		
SAMEA7838691	PASS	Neisseria meningitidis		
SAMEA7838781	PASS	Neisseria meningitidis		
SAMN03963276	PASS	Neisseria meningitidis	Germany	2002
SAMEA3503371	PASS	Neisseria meningitidis		
SAMEA678015	PASS	Neisseria meningitidis		
SAMEA8114166	PASS	Neisseria meningitidis		
SAMN39556042	PASS	Neisseria gonorrhoeae	Sweden	2024-01-09
SAMEA2271314	PASS	Neisseria meningitidis		
SAMEA2674257	PASS	Neisseria meningitidis		
SAMEA4948745	PASS	Neisseria meningitidis		
SAMEA7839005	PASS	Neisseria meningitidis		
SAMEA113562954	PASS	Neisseria meningitidis		
SAMEA4948400	PASS	Neisseria meningitidis		
SAMEA7838700	PASS	Neisseria meningitidis		
SAMEA7838827	PASS	Neisseria meningitidis		
SAMEA8114430	PASS	Neisseria meningitidis		
SAMEA4948158	PASS	Neisseria meningitidis		
SAMEA4948644	PASS	Neisseria meningitidis		
SAMEA7838525	PASS	Neisseria meningitidis		
SAMN32984798	PASS	Neisseria meningitidis	United Kingdom	1985
SAMEA2820767	PASS	Neisseria meningitidis		
SAMEA3503732	SYLPH_RESULTS_FAIL	unknown		
SAMEA3689813	PASS	Neisseria meningitidis		
SAMEA37777918	PASS	Neisseria meningitidis		
SAMEA4361289	CHECKM2_MAX_CONTAM,SYLPH_RESULTS_FAIL	unknown		
SAMEA4947920	PASS	Neisseria meningitidis		
SAMEA8114114	PASS	Neisseria meningitidis		
SAMEA8114367	PASS	Neisseria meningitidis		
SAMEA104105451	PASS	Neisseria meningitidis		
SAMEA3936243	PASS	Neisseria meningitidis		
SAMEA7741143	PASS	Neisseria meningitidis		
SAMEA7838277	PASS	Neisseria meningitidis		
SAMEA8114379	PASS	Neisseria meningitidis		
SAMEA8497697	PASS	Neisseria meningitidis		
SAMN44030923	PASS	Neisseria meningitidis	New Zealand	2002
SAMEA2674295	PASS	Neisseria meningitidis	Netherlands	2006/2012
SAMEA4948573	PASS	Neisseria meningitidis		
SAMEA6227314	PASS	Neisseria meningitidis		
SAMEA7838323	PASS	Neisseria meningitidis		
SAMEA7838419	PASS	Neisseria meningitidis		
SAMEA7838485	PASS	Neisseria meningitidis		
SAMEA7838731	PASS	Neisseria meningitidis		
SAMEA8114111	PASS	Neisseria meningitidis		
SAMEA4361343	PASS	Neisseria meningitidis		
SAMEA5749198	PASS	Neisseria meningitidis		
SAMEA7838958	PASS	Neisseria meningitidis		
SAMEA8114148	PASS	Neisseria meningitidis		
SAMN13450804	PASS	Neisseria meningitidis	New Zealand	2014
SAMN44030959	PASS	Neisseria meningitidis	New Zealand	2006
SAMEA3432282	PASS	Neisseria meningitidis		
SAMN32984793	PASS	Neisseria meningitidis	New Zealand	1998
SAMEA2271618	PASS	Neisseria meningitidis		
SAMEA4948208	PASS	Neisseria meningitidis		
SAMEA5748472	PASS	Neisseria meningitidis		
SAMEA7838464	PASS	Neisseria meningitidis		
SAMEA7838537	PASS	Neisseria meningitidis		
SAMEA7838850	PASS	Neisseria meningitidis		
SAMEA8114289	PASS	Neisseria meningitidis		
SAMEA4948829	PASS	Neisseria meningitidis		
SAMN09011383	PASS	Neisseria meningitidis	USA	2013
SAMEA3507253	PASS	Neisseria meningitidis		
SAMEA7740981	PASS	Neisseria meningitidis		
SAMEA8114177	PASS	Neisseria meningitidis		
SAMEA1706769	PASS	Neisseria meningitidis		
SAMEA5749130	PASS	Neisseria meningitidis		
SAMEA5749233	PASS	Neisseria meningitidis		
SAMEA7740988	PASS	Neisseria meningitidis		
SAMEA8114096	PASS	Neisseria meningitidis		
SAMEA8114234	PASS	Neisseria meningitidis		
SAMN08874833	SYLPH_RESULTS_FAIL	unknown	Netherlands	1967
SAMEA8114178	PASS	Neisseria meningitidis		
SAMEA2674410	PASS	Neisseria meningitidis		
SAMEA7838446	PASS	Neisseria meningitidis		
SAMN44030916	PASS	Neisseria meningitidis	New Zealand	2000
SAMEA2271724	PASS	Neisseria meningitidis		
SAMEA2820804	PASS	Neisseria meningitidis		
SAMEA4948020	PASS	Neisseria meningitidis		
SAMEA5749162	PASS	Neisseria meningitidis		
SAMEA8114392	PASS	Neisseria meningitidis		
SAMN44030983	PASS	Neisseria meningitidis	New Zealand	2008
SAMEA2271491	PASS	Neisseria meningitidis		
SAMEA3879250	PASS	Neisseria meningitidis		
SAMEA4948295	PASS	Neisseria meningitidis		
SAMEA5748475	PASS	Neisseria meningitidis		
SAMEA7838378	PASS	Neisseria meningitidis		
SAMEA8114147	PASS	Neisseria meningitidis		
SAMN42000994	PASS	Neisseria meningitidis	Belgium	2020-01-26
SAMN44030931	PASS	Neisseria meningitidis	New Zealand	2002
SAMEA1522930	PASS	Neisseria meningitidis		
SAMEA4948013	PASS	Neisseria meningitidis		
SAMEA4948520	PASS	Neisseria meningitidis		
SAMEA7740982	PASS	Neisseria meningitidis		
SAMEA4948078	PASS	Neisseria meningitidis		
SAMEA104105567	PASS	Neisseria meningitidis		
SAMEA1522903	PASS	Neisseria meningitidis	United Kingdom	2011
SAMEA7838399	PASS	Neisseria meningitidis		
SAMEA7838470	PASS	Neisseria meningitidis		
SAMEA7838483	PASS	Neisseria meningitidis		
SAMEA7838721	PASS	Neisseria meningitidis		
SAMEA4948606	PASS	Neisseria meningitidis		
SAMEA7838533	PASS	Neisseria meningitidis		
SAMEA7838968	PASS	Neisseria meningitidis		
SAMEA8114311	PASS	Neisseria meningitidis		
SAMEA4947981	PASS	Neisseria meningitidis		
SAMEA7838333	PASS	Neisseria meningitidis		
SAMEA7838969	PASS	Neisseria meningitidis		
SAMN35339249	SYLPH_RESULTS_FAIL	unknown	New Zealand	1991
SAMEA4948374	PASS	Neisseria meningitidis		
SAMEA5749089	PASS	Neisseria meningitidis		
SAMEA7838315	PASS	Neisseria meningitidis		
SAMEA7838744	PASS	Neisseria meningitidis		
SAMEA111347690	PASS	Neisseria meningitidis	Norway	2003-01-29
SAMEA1523250	PASS	Neisseria meningitidis		
SAMEA7838633	PASS	Neisseria meningitidis		
SAMEA7838972	PASS	Neisseria meningitidis		
SAMEA8114267	PASS	Neisseria meningitidis		
SAMEA1706856	PASS	Neisseria meningitidis		
SAMEA7838626	PASS	Neisseria meningitidis		
SAMEA7839012	PASS	Neisseria meningitidis		
SAMN29407042	PASS	Neisseria meningitidis	USA	2002
SAMEA4948330	PASS	Neisseria meningitidis		
SAMEA4948366	PASS	Neisseria meningitidis		
SAMEA7838275	PASS	Neisseria meningitidis		
SAMEA8114280	PASS	Neisseria meningitidis		
SAMEA2820744	PASS	Neisseria meningitidis		
SAMEA4948322	PASS	Neisseria meningitidis		
SAMEA7741146	PASS	Neisseria meningitidis		
SAMEA7838311	PASS	Neisseria meningitidis		
SAMEA7838447	PASS	Neisseria meningitidis		
SAMEA7838817	PASS	Neisseria meningitidis		
SAMEA2674035	PASS	Neisseria meningitidis		
SAMEA2674443	PASS	Neisseria meningitidis		
SAMEA4948138	PASS	Neisseria meningitidis		
SAMEA4948318	PASS	Neisseria meningitidis		
SAMEA7741154	PASS	Neisseria meningitidis		
SAMEA7838307	PASS	Neisseria meningitidis		
SAMEA4948750	PASS	Neisseria meningitidis		
SAMEA5661087	PASS	Neisseria meningitidis		
SAMEA4948620	PASS	Neisseria meningitidis		
SAMEA7741038	PASS	Neisseria meningitidis		
SAMEA7838269	PASS	Neisseria meningitidis		
SAMN01055194	PASS	Neisseria meningitidis		
SAMN44030917	PASS	Neisseria meningitidis	New Zealand	2001
SAMN44030977	PASS	Neisseria meningitidis	New Zealand	2007
SAMEA4947952	PASS	Neisseria meningitidis		
SAMEA4948639	PASS	Neisseria meningitidis		
SAMEA5749136	PASS	Neisseria meningitidis		
SAMEA7741092	PASS	Neisseria meningitidis		
SAMEA7838297	PASS	Neisseria meningitidis		
SAMN08874967	PASS	Neisseria meningitidis	Netherlands	1967
SAMN42000710	PASS	Neisseria meningitidis	Belgium	2017-02-22
SAMEA4948842	PASS	Neisseria meningitidis		
SAMEA7741049	PASS	Neisseria meningitidis		
SAMEA7838326	PASS	Neisseria meningitidis		
SAMEA7838879	PASS	Neisseria meningitidis		
SAMN44030939	PASS	Neisseria meningitidis	New Zealand	2003
SAMEA1522855	PASS	Neisseria meningitidis	United Kingdom	2010
SAMEA5749196	PASS	Neisseria meningitidis		
SAMEA7741023	PASS	Neisseria meningitidis		
SAMEA7838932	PASS	Neisseria meningitidis		
SAMEA8114287	PASS	Neisseria meningitidis		
SAMEA3507153	PASS	Neisseria meningitidis		
SAMEA4948844	PASS	Neisseria meningitidis		
SAMEA8114199	PASS	Neisseria meningitidis		
SAMN35340383	PASS	Neisseria meningitidis	New Zealand	2022
SAMEA7838524	PASS	Neisseria meningitidis		
SAMN42001071	PASS	Neisseria meningitidis	Belgium	2022-04-13
SAMEA7838493	PASS	Neisseria meningitidis		
SAMEA3432066	PASS	Neisseria meningitidis		
SAMEA3947106	PASS	Neisseria meningitidis		
SAMEA4948376	PASS	Neisseria meningitidis		
SAMEA6227687	PASS	Neisseria meningitidis		
SAMEA7838664	PASS	Neisseria meningitidis		
SAMN08874951	SYLPH_RESULTS_FAIL	unknown	Iceland	1977
SAMN44030902	PASS	Neisseria meningitidis	New Zealand	1997
SAMEA4532299	PASS	Neisseria meningitidis		
SAMEA7740994	PASS	Neisseria meningitidis		
SAMN13450742	PASS	Neisseria meningitidis	New Zealand	2013
SAMEA1523100	PASS	Neisseria meningitidis	United Kingdom	2010
SAMEA1706777	PASS	Neisseria meningitidis		
SAMEA4948192	PASS	Neisseria meningitidis		
SAMEA5749028	PASS	Neisseria meningitidis		
SAMEA7838505	PASS	Neisseria meningitidis		
SAMEA7838955	PASS	Neisseria meningitidis		
SAMEA8114078	PASS	Neisseria meningitidis		
SAMEA4948556	PASS	Neisseria meningitidis		
SAMEA7838770	PASS	Neisseria meningitidis		
SAMEA8114308	PASS	Neisseria meningitidis		
SAMEA8497853	PASS	Neisseria meningitidis		
SAMEA104105599	PASS	Neisseria meningitidis		
SAMEA13187577	PASS	Neisseria meningitidis		
SAMEA1523120	PASS	Neisseria meningitidis	United Kingdom	2011
SAMEA7838849	PASS	Neisseria meningitidis		
SAMEA8114120	PASS	Neisseria meningitidis		
SAMEA4948004	PASS	Neisseria meningitidis		
SAMEA5748670	PASS	Neisseria meningitidis		
SAMEA7740978	PASS	Neisseria meningitidis		
SAMEA8114233	PASS	Neisseria meningitidis		
SAMEA3507283	PASS	Neisseria meningitidis		
SAMEA4947948	PASS	Neisseria meningitidis		
SAMEA8114386	PASS	Neisseria meningitidis		
SAMEA2299183	PASS	Neisseria meningitidis		
SAMEA2820753	PASS	Neisseria meningitidis		
SAMEA5748942	PASS	Neisseria meningitidis		
SAMEA7838369	PASS	Neisseria meningitidis		
SAMEA7838611	PASS	Neisseria meningitidis		
SAMEA4948347	PASS	Neisseria meningitidis		
SAMEA4948798	PASS	Neisseria meningitidis		
SAMEA7838542	PASS	Neisseria meningitidis		
SAMEA7838677	PASS	Neisseria meningitidis		
SAMN44030904	PASS	Neisseria meningitidis	New Zealand	1997
SAMN44030969	PASS	Neisseria meningitidis	New Zealand	2007
SAMEA1706913	PASS	Neisseria meningitidis		
SAMEA7838404	PASS	Neisseria meningitidis		
SAMEA4948422	PASS	Neisseria meningitidis		
SAMEA7740992	PASS	Neisseria meningitidis		
SAMEA7740995	PASS	Neisseria meningitidis		
SAMEA8114415	PASS	Neisseria meningitidis		
SAMEA6227683	PASS	Neisseria meningitidis		
SAMEA7838965	PASS	Neisseria meningitidis		
SAMEA4948180	PASS	Neisseria meningitidis		
SAMEA4948779	PASS	Neisseria meningitidis		
SAMN13450823	PASS	Neisseria meningitidis	New Zealand	2015
SAMEA3503139	PASS	Neisseria meningitidis		
SAMEA4947979	PASS	Neisseria meningitidis		
SAMEA112237015	PASS	Neisseria meningitidis	United Kingdom	2022
SAMEA2673953	PASS	Neisseria meningitidis		
SAMEA2674300	PASS	Neisseria meningitidis		
SAMEA4948714	PASS	Neisseria meningitidis		
SAMEA8114211	PASS	Neisseria meningitidis		
SAMEA8114214	PASS	Neisseria meningitidis		
SAMEA4948068	PASS	Neisseria meningitidis		
SAMEA4948267	PASS	Neisseria meningitidis		
SAMEA2674338	PASS	Neisseria meningitidis		
SAMEA3507036	PASS	Neisseria meningitidis		
SAMEA4495685	PASS	Neisseria meningitidis		
SAMN13450825	PASS	Neisseria meningitidis	New Zealand	2015
SAMEA3661831	PASS	Neisseria meningitidis		
SAMEA3936246	PASS	Neisseria meningitidis		
SAMEA4948229	PASS	Neisseria meningitidis		
SAMEA4948266	PASS	Neisseria meningitidis		
SAMEA7838798	PASS	Neisseria meningitidis		
SAMEA2271517	PASS	Neisseria meningitidis		
SAMEA4948209	PASS	Neisseria meningitidis		
SAMEA4948633	PASS	Neisseria meningitidis		
SAMEA7741169	PASS	Neisseria meningitidis		
SAMEA7838389	PASS	Neisseria meningitidis		
SAMN29756953	PASS	Neisseria meningitidis	USA	2015
SAMEA2674268	PASS	Neisseria meningitidis	Netherlands	2006/2012
SAMEA5403266	PASS	Neisseria meningitidis	Czech Republic	2016-02
SAMEA6227688	PASS	Neisseria meningitidis		
SAMEA7741040	PASS	Neisseria meningitidis		
SAMEA7838940	PASS	Neisseria meningitidis		
SAMEA4361236	PASS	Neisseria meningitidis		
SAMEA7838654	PASS	Neisseria meningitidis		
SAMEA7838777	PASS	Neisseria meningitidis		
SAMEA4947953	PASS	Neisseria meningitidis		
SAMEA2271460	PASS	Neisseria meningitidis		
SAMEA2674434	PASS	Neisseria meningitidis		
SAMEA2674507	PASS	Neisseria meningitidis		
SAMEA7838361	PASS	Neisseria meningitidis		
SAMEA7838683	PASS	Neisseria meningitidis		
SAMEA114392448	PASS	Neisseria meningitidis	Portugal	2018
SAMEA4948521	PASS	Neisseria meningitidis		
SAMEA5748487	PASS	Neisseria meningitidis		
SAMEA4948511	PASS	Neisseria meningitidis		
SAMEA7838295	PASS	Neisseria meningitidis		
SAMEA7838346	PASS	Neisseria meningitidis		
SAMEA7838924	PASS	Neisseria meningitidis		
SAMEA7838571	PASS	Neisseria meningitidis		
SAMN44030984	PASS	Neisseria meningitidis	New Zealand	2008
SAMEA4948048	PASS	Neisseria meningitidis		
SAMEA4948051	PASS	Neisseria meningitidis		
SAMEA6227733	PASS	Neisseria meningitidis		
SAMEA678389	PASS	Neisseria meningitidis		
SAMEA7838758	PASS	Neisseria meningitidis		
SAMEA4948382	PASS	Neisseria meningitidis		
SAMEA4948819	PASS	Neisseria meningitidis		
SAMEA6538992	PASS	Neisseria meningitidis		
SAMEA4948848	PASS	Neisseria meningitidis		
SAMEA5749030	PASS	Neisseria meningitidis		
SAMEA5749171	PASS	Neisseria meningitidis		
SAMEA7838392	PASS	Neisseria meningitidis		
SAMEA7838563	PASS	Neisseria meningitidis		
SAMEA4948195	PASS	Neisseria meningitidis		
SAMEA4948814	PASS	Neisseria meningitidis		
SAMEA5749278	PASS	Neisseria meningitidis		
SAMEA6227680	PASS	Neisseria meningitidis		
SAMEA7838971	PASS	Neisseria meningitidis		
SAMEA3503153	PASS	Neisseria meningitidis		
SAMEA4948325	PASS	Neisseria meningitidis		
SAMEA4948822	PASS	Neisseria meningitidis		
SAMEA5748445	PASS	Neisseria meningitidis		
SAMEA5748478	PASS	Neisseria meningitidis		
SAMEA6227710	PASS	Neisseria meningitidis		
SAMEA7838816	PASS	Neisseria meningitidis		
SAMEA114393179	PASS	Neisseria meningitidis	Portugal	2013
SAMEA8114056	PASS	Neisseria meningitidis		
SAMEA8114107	PASS	Neisseria meningitidis		
SAMEA2820751	PASS	Neisseria meningitidis		
SAMEA4948232	PASS	Neisseria meningitidis		
SAMEA4948571	PASS	Neisseria meningitidis		
SAMEA7838518	PASS	Neisseria meningitidis		
SAMEA7838818	PASS	Neisseria meningitidis		
SAMEA2047677	PASS	Neisseria meningitidis	United Kingdom	2012
SAMEA4948417	PASS	Neisseria meningitidis		
SAMEA5749223	PASS	Neisseria meningitidis		
SAMEA7838522	PASS	Neisseria meningitidis		
SAMN35339253	PASS	Neisseria meningitidis	New Zealand	1991
SAMN44030967	PASS	Neisseria meningitidis	New Zealand	2006
SAMEA3507284	PASS	Neisseria meningitidis		
SAMEA4948631	PASS	Neisseria meningitidis		
SAMEA4948815	PASS	Neisseria meningitidis		
SAMEA7838344	PASS	Neisseria meningitidis		
SAMEA7838523	PASS	Neisseria meningitidis		
SAMEA7838536	PASS	Neisseria meningitidis		
SAMEA2674391	PASS	Neisseria meningitidis	Netherlands	2006/2012
SAMEA2738492	CHECKM2_MAX_CONTAM,MAX_CONTIG_NUM,SYLPH_RESULTS_FAIL	unknown		
SAMEA4947927	PASS	Neisseria meningitidis		
SAMEA4948559	PASS	Neisseria meningitidis		
SAMEA7838572	PASS	Neisseria meningitidis		
SAMEA8114299	PASS	Neisseria meningitidis		
SAMEA104354108	PASS	Neisseria meningitidis	New Zealand	1997
SAMEA3504032	PASS	Neisseria meningitidis		
SAMN35339268	PASS	Neisseria meningitidis	New Zealand	1992
SAMEA4948851	PASS	Neisseria meningitidis		
SAMEA7838552	PASS	Neisseria meningitidis		
SAMEA103982744	PASS	Neisseria meningitidis		
SAMEA4948007	PASS	Neisseria meningitidis		
SAMEA7838897	PASS	Neisseria meningitidis		
SAMEA4948293	PASS	Neisseria meningitidis		
SAMEA4948827	PASS	Neisseria meningitidis		
SAMEA7741078	PASS	Neisseria meningitidis		
SAMN35339251	PASS	Neisseria meningitidis	New Zealand	1991
SAMN44030932	PASS	Neisseria meningitidis	New Zealand	2002
SAMEA1706811	PASS	Neisseria meningitidis		
SAMEA2271429	PASS	Neisseria meningitidis		
SAMEA3503843	PASS	Neisseria meningitidis		
SAMEA6227716	PASS	Neisseria meningitidis		
SAMN08875005	SYLPH_RESULTS_FAIL	unknown	New Zealand	1991
SAMEA5749093	PASS	Neisseria meningitidis		
SAMEA7838820	PASS	Neisseria meningitidis		
SAMEA8114314	PASS	Neisseria meningitidis		
SAMN42000906	PASS	Neisseria meningitidis	Belgium	2019-02-24
SAMEA2674291	PASS	Neisseria meningitidis	Netherlands	2006/2012
SAMEA2738485	CHECKM2_MAX_CONTAM,SYLPH_RESULTS_FAIL	unknown		
SAMEA4948747	PASS	Neisseria meningitidis		
SAMEA7741126	PASS	Neisseria meningitidis		
SAMEA7838601	PASS	Neisseria meningitidis		
SAMEA8114426	PASS	Neisseria meningitidis		
SAMEA4948236	PASS	Neisseria meningitidis		
SAMEA4948284	PASS	Neisseria meningitidis		
SAMEA5749166	PASS	Neisseria meningitidis		
SAMEA2674393	PASS	Neisseria meningitidis		
SAMEA2674409	PASS	Neisseria meningitidis		
SAMEA4948120	PASS	Neisseria meningitidis		
SAMN13450832	PASS	Neisseria meningitidis	New Zealand	2015
SAMEA2820805	PASS	Neisseria meningitidis		
SAMEA3503239	PASS	Neisseria meningitidis		
SAMEA4948214	PASS	Neisseria meningitidis		
SAMEA4948317	PASS	Neisseria meningitidis		
SAMEA6227667	PASS	Neisseria meningitidis		
SAMEA7741030	PASS	Neisseria meningitidis		
SAMEA7741086	PASS	Neisseria meningitidis		
SAMEA8114079	PASS	Neisseria meningitidis		
SAMEA1522913	PASS	Neisseria meningitidis	United Kingdom	2011
SAMEA2628868	PASS	Neisseria meningitidis		
SAMEA3503093	PASS	Neisseria meningitidis		
SAMEA4948725	PASS	Neisseria meningitidis		
SAMEA7741131	PASS	Neisseria meningitidis		
SAMEA7838564	PASS	Neisseria meningitidis		
SAMEA8114255	PASS	Neisseria meningitidis		
SAMEA8114261	PASS	Neisseria meningitidis		
SAMEA4948027	PASS	Neisseria meningitidis		
SAMEA4948237	PASS	Neisseria meningitidis		
SAMN02604197	PASS	Neisseria meningitidis		
SAMEA13187564	PASS	Neisseria meningitidis		
SAMEA2738503	SYLPH_RESULTS_FAIL	unknown		
SAMEA4948512	PASS	Neisseria meningitidis		
SAMEA5747995	PASS	Neisseria meningitidis		
SAMEA5749276	PASS	Neisseria meningitidis		
SAMEA7838867	PASS	Neisseria meningitidis		
SAMEA104354106	PASS	Neisseria meningitidis	New Zealand	1997
SAMEA1522887	PASS	Neisseria meningitidis	United Kingdom	2011
SAMEA4948334	PASS	Neisseria meningitidis		
SAMEA4948867	PASS	Neisseria meningitidis		
SAMEA5749114	PASS	Neisseria meningitidis		
SAMEA6227676	PASS	Neisseria meningitidis		
SAMEA7838934	PASS	Neisseria meningitidis		
SAMEA5749143	PASS	Neisseria meningitidis		
SAMEA7741048	PASS	Neisseria meningitidis		
SAMEA8114368	PASS	Neisseria meningitidis		
SAMN44030982	PASS	Neisseria meningitidis	New Zealand	2007
SAMEA104105404	PASS	Neisseria meningitidis		
SAMEA2738468	CHECKM2_MAX_CONTAM,SYLPH_RESULTS_FAIL	unknown		
SAMEA6240117	PASS	Neisseria meningitidis		
SAMEA7838985	PASS	Neisseria meningitidis		
SAMN08875001	SYLPH_RESULTS_FAIL	unknown	Greece	1992
SAMEA4948084	PASS	Neisseria meningitidis		
SAMEA4948504	PASS	Neisseria meningitidis		
SAMEA5749083	PASS	Neisseria meningitidis		
SAMEA7838604	PASS	Neisseria meningitidis		
SAMEA1011389	PASS	Neisseria meningitidis		
SAMEA4948338	PASS	Neisseria meningitidis		
SAMEA4948748	PASS	Neisseria meningitidis		
SAMEA7838463	PASS	Neisseria meningitidis		
SAMEA2271531	PASS	Neisseria meningitidis		
SAMEA2738428	CHECKM2_MAX_CONTAM,SYLPH_RESULTS_FAIL	unknown		
SAMEA4947989	PASS	Neisseria meningitidis		
SAMEA4948707	PASS	Neisseria meningitidis		
SAMEA7838508	PASS	Neisseria meningitidis		
SAMEA8114390	PASS	Neisseria meningitidis		
SAMEA104105544	PASS	Neisseria meningitidis		
SAMEA3503425	SYLPH_RESULTS_FAIL	unknown		
SAMEA4948258	PASS	Neisseria meningitidis		
SAMEA7838309	PASS	Neisseria meningitidis		
SAMEA7838602	PASS	Neisseria meningitidis		
SAMN25819716	PASS	Neisseria meningitidis	New Zealand	2020
SAMEA7741148	PASS	Neisseria meningitidis		
SAMEA7838439	PASS	Neisseria meningitidis		
SAMEA7838852	PASS	Neisseria meningitidis		
SAMEA2271613	PASS	Neisseria meningitidis		
SAMEA7741055	PASS	Neisseria meningitidis		
SAMEA7838364	PASS	Neisseria meningitidis		
SAMEA7838540	PASS	Neisseria meningitidis		
SAMEA7838957	PASS	Neisseria meningitidis		
SAMEA2674259	PASS	Neisseria meningitidis		
SAMEA3503440	SYLPH_RESULTS_FAIL	unknown		
SAMEA7838380	PASS	Neisseria meningitidis		
SAMEA7838857	PASS	Neisseria meningitidis		
SAMEA7839006	PASS	Neisseria meningitidis		
SAMEA14099220	PASS	Neisseria meningitidis		
SAMEA4947928	PASS	Neisseria meningitidis		
SAMEA4948307	PASS	Neisseria meningitidis		
SAMEA2674506	PASS	Neisseria meningitidis		
SAMEA4948774	PASS	Neisseria meningitidis		
SAMEA104354107	PASS	Neisseria meningitidis	New Zealand	1997
SAMEA7741145	PASS	Neisseria meningitidis		
SAMEA7838878	PASS	Neisseria meningitidis		
SAMEA1706804	PASS	Neisseria meningitidis		
SAMEA4947963	PASS	Neisseria meningitidis		
SAMEA4948487	PASS	Neisseria meningitidis		
SAMEA7838553	PASS	Neisseria meningitidis		
SAMEA2820790	PASS	Neisseria meningitidis		
SAMEA4947933	PASS	Neisseria meningitidis		
SAMEA4948140	PASS	Neisseria meningitidis		
SAMEA4948625	PASS	Neisseria meningitidis		
SAMEA5747764	PASS	Neisseria meningitidis		
SAMEA7838841	PASS	Neisseria meningitidis		
SAMEA7838937	PASS	Neisseria meningitidis		
SAMEA3506820	PASS	Neisseria meningitidis		
SAMEA4948460	PASS	Neisseria meningitidis		
SAMEA5749113	PASS	Neisseria meningitidis		
SAMEA3485636	PASS	Neisseria gonorrhoeae		
SAMEA3689806	PASS	Neisseria meningitidis		
SAMEA4947978	PASS	Neisseria meningitidis		
SAMEA8114186	PASS	Neisseria meningitidis		
SAMEA111425924	PASS	Neisseria meningitidis		
SAMEA2271458	PASS	Neisseria meningitidis		
SAMEA2674031	PASS	Neisseria meningitidis		
SAMEA7741158	PASS	Neisseria meningitidis		
SAMEA2629132	PASS	Neisseria meningitidis		
SAMEA3503974	PASS	Neisseria meningitidis		
SAMEA4948033	PASS	Neisseria meningitidis		
SAMEA5749197	PASS	Neisseria meningitidis		
SAMN35339247	PASS	Neisseria meningitidis	New Zealand	1991
SAMEA4948019	PASS	Neisseria meningitidis		
SAMEA5749250	PASS	Neisseria meningitidis		
SAMEA2673979	PASS	Neisseria meningitidis		
SAMEA4948359	PASS	Neisseria meningitidis		
SAMEA7741109	PASS	Neisseria meningitidis		
SAMEA7838714	PASS	Neisseria meningitidis		
SAMEA2673957	PASS	Neisseria meningitidis	Netherlands	2006/2012
SAMEA4947954	PASS	Neisseria meningitidis		
SAMEA7838808	PASS	Neisseria meningitidis		
SAMEA8114357	PASS	Neisseria meningitidis		
SAMEA8114358	PASS	Neisseria meningitidis		
SAMEA1706926	PASS	Neisseria meningitidis		
SAMEA7741138	PASS	Neisseria meningitidis		
SAMEA7838276	PASS	Neisseria meningitidis		
SAMEA7838501	PASS	Neisseria meningitidis		
SAMEA7838761	PASS	Neisseria meningitidis		
SAMEA7838860	PASS	Neisseria meningitidis		
SAMEA8114099	PASS	Neisseria meningitidis		
SAMEA4948041	PASS	Neisseria meningitidis		
SAMEA4948175	PASS	Neisseria meningitidis		
SAMEA4948290	PASS	Neisseria meningitidis		
SAMEA7741021	PASS	Neisseria meningitidis		
SAMEA8114059	PASS	Neisseria meningitidis		
SAMEA7838273	PASS	Neisseria meningitidis		
SAMN10276009	PASS	Neisseria meningitidis	Not applicable	2014
SAMEA4948649	PASS	Neisseria meningitidis		
SAMEA4948832	PASS	Neisseria meningitidis		
SAMEA7838706	PASS	Neisseria meningitidis		
SAMEA2547842	PASS	Neisseria meningitidis		
SAMEA2674055	PASS	Neisseria meningitidis		
SAMEA4948190	PASS	Neisseria meningitidis		
SAMEA5749272	PASS	Neisseria meningitidis		
SAMEA7838370	PASS	Neisseria meningitidis		
SAMEA7838467	PASS	Neisseria meningitidis		
SAMN13450766	PASS	Neisseria meningitidis	New Zealand	2013
SAMEA14099215	PASS	Neisseria meningitidis		
SAMEA7838473	PASS	Neisseria meningitidis		
SAMEA8114334	PASS	Neisseria meningitidis		
SAMN08874903	PASS	Neisseria meningitidis	Netherlands	1979
SAMEA1904455	PASS	Neisseria meningitidis	United Kingdom	2011
SAMEA4948221	PASS	Neisseria meningitidis		
SAMEA4948831	PASS	Neisseria meningitidis		
SAMEA104354119	PASS	Neisseria meningitidis	New Zealand	1997
SAMEA2271466	PASS	Neisseria meningitidis		
SAMEA3109090	PASS	Neisseria meningitidis		
SAMEA7741119	PASS	Neisseria meningitidis		
SAMN44031004	PASS	Neisseria meningitidis	New Zealand	2008
SAMEA5749203	PASS	Neisseria meningitidis		
SAMEA2299015	PASS	Neisseria meningitidis		
SAMEA3485643	PASS	Neisseria gonorrhoeae		
SAMEA3661813	PASS	Neisseria meningitidis		
SAMEA7838884	PASS	Neisseria meningitidis		
SAMEA7839007	PASS	Neisseria meningitidis		
SAMEA8114391	PASS	Neisseria meningitidis		
SAMEA5748884	PASS	Neisseria meningitidis		
SAMEA2820788	PASS	Neisseria meningitidis		
SAMEA7838642	PASS	Neisseria meningitidis		
SAMEA7838650	PASS	Neisseria meningitidis		
SAMEA8114268	PASS	Neisseria meningitidis		
SAMEA2047204	PASS	Neisseria meningitidis	United Kingdom	2011
SAMEA4948319	PASS	Neisseria meningitidis		
SAMEA4948454	PASS	Neisseria meningitidis		
SAMEA4948179	PASS	Neisseria meningitidis		
SAMEA4948665	PASS	Neisseria meningitidis		
SAMEA5748387	CHECKM2_MAX_CONTAM,MAX_CONTIG_NUM,MIN_N50	Neisseria meningitidis		
SAMEA7838441	PASS	Neisseria meningitidis		
SAMEA2049346	PASS	Neisseria meningitidis	United Kingdom	2011
SAMEA4948164	PASS	Neisseria meningitidis		
SAMEA4948591	PASS	Neisseria meningitidis		
SAMEA8114118	PASS	Neisseria meningitidis		
SAMEA4948537	PASS	Neisseria meningitidis		
SAMEA7838305	PASS	Neisseria meningitidis		
SAMN08875018	SYLPH_RESULTS_FAIL	unknown	Iceland	1977
SAMEA2674168	PASS	Neisseria meningitidis	Netherlands	2006/2012
SAMEA3109240	PASS	Neisseria meningitidis		
SAMEA3109256	PASS	Neisseria meningitidis		
SAMEA3503138	PASS	Neisseria meningitidis		
SAMEA4948272	PASS	Neisseria meningitidis		
SAMEA4948305	PASS	Neisseria meningitidis		
SAMEA4948690	PASS	Neisseria meningitidis		
SAMEA5280353	PASS	Neisseria meningitidis	Thailand	2014-12-19
SAMEA3503544	PASS	Neisseria meningitidis		
SAMEA7838943	PASS	Neisseria meningitidis		
SAMEA8114055	PASS	Neisseria meningitidis		
SAMEA8114094	PASS	Neisseria meningitidis		
SAMEA8114355	PASS	Neisseria meningitidis		
SAMEA5748452	PASS	Neisseria meningitidis		
SAMEA7838670	PASS	Neisseria meningitidis		
SAMEA7838780	PASS	Neisseria meningitidis		
SAMEA8497752	PASS	Neisseria meningitidis		
SAMN44030961	PASS	Neisseria meningitidis	New Zealand	2006
SAMEA3503829	SYLPH_RESULTS_FAIL	unknown		
SAMEA3507273	PASS	Neisseria meningitidis		
SAMEA3947019	PASS	Neisseria meningitidis		
SAMEA4386331	CHECKM2_MAX_CONTAM,MAX_CONTIG_NUM,MIN_N50	Neisseria meningitidis		
SAMEA5748479	PASS	Neisseria meningitidis		
SAMEA8497756	PASS	Neisseria meningitidis		
SAMEA4948298	PASS	Neisseria meningitidis		
SAMEA4948303	PASS	Neisseria meningitidis		
SAMEA4948828	PASS	Neisseria meningitidis		
SAMN44030886	PASS	Neisseria meningitidis	New Zealand	1993
SAMEA2271600	PASS	Neisseria meningitidis		
SAMEA7838299	PASS	Neisseria meningitidis		
SAMEA7838952	PASS	Neisseria meningitidis		
SAMN44030999	PASS	Neisseria meningitidis	New Zealand	2011
SAMEA4719578	PASS	Neisseria meningitidis		
SAMEA4948427	PASS	Neisseria meningitidis		
SAMEA7741006	PASS	Neisseria meningitidis		
SAMEA7741139	PASS	Neisseria meningitidis		
SAMEA3503630	SYLPH_RESULTS_FAIL	unknown		
SAMEA2820808	PASS	Neisseria meningitidis		
SAMEA3432026	PASS	Neisseria meningitidis		
SAMEA8114208	PASS	Neisseria meningitidis		
SAMN35339246	PASS	Neisseria meningitidis	New Zealand	1991
SAMEA2050823	PASS	Neisseria meningitidis		
SAMEA4948130	PASS	Neisseria meningitidis		
SAMEA4948789	PASS	Neisseria meningitidis		
SAMEA4948806	PASS	Neisseria meningitidis		
SAMEA5748749	PASS	Neisseria meningitidis		
SAMEA4948098	PASS	Neisseria meningitidis		
SAMEA7838499	PASS	Neisseria meningitidis		
SAMEA8114140	PASS	Neisseria meningitidis		
SAMEA1402139	PASS	Neisseria meningitidis		
SAMEA4947943	PASS	Neisseria meningitidis		
SAMEA4948075	PASS	Neisseria meningitidis		
SAMEA4948434	PASS	Neisseria meningitidis		
SAMEA4948808	PASS	Neisseria meningitidis		
SAMEA4948868	PASS	Neisseria meningitidis		
SAMEA6634880	CHECKM2_MAX_CONTAM,MAX_CONTIG_NUM	Neisseria meningitidis		
SAMEA7838883	PASS	Neisseria meningitidis		
SAMEA4948523	PASS	Neisseria meningitidis		
SAMEA6227672	PASS	Neisseria meningitidis		
SAMEA7838739	PASS	Neisseria meningitidis		
SAMEA2820769	PASS	Neisseria meningitidis		
SAMEA7838931	PASS	Neisseria meningitidis		
SAMEA8114143	PASS	Neisseria meningitidis		
SAMEA2820740	PASS	Neisseria meningitidis		
SAMEA4948377	PASS	Neisseria meningitidis		
SAMEA7741091	PASS	Neisseria meningitidis		
SAMEA2674412	PASS	Neisseria meningitidis		
SAMEA4948103	PASS	Neisseria meningitidis		
SAMEA2820823	PASS	Neisseria meningitidis		
SAMEA4948246	PASS	Neisseria meningitidis		
SAMEA6227049	PASS	Neisseria meningitidis		
SAMEA8114220	PASS	Neisseria meningitidis		
SAMEA8114340	PASS	Neisseria meningitidis		
SAMEA1706816	PASS	Neisseria meningitidis		
SAMEA4948659	PASS	Neisseria meningitidis		
SAMEA4948826	PASS	Neisseria meningitidis		
SAMEA6227723	PASS	Neisseria meningitidis		
SAMEA7838784	PASS	Neisseria meningitidis		
SAMEA2629133	PASS	Neisseria meningitidis		
SAMEA2674262	PASS	Neisseria meningitidis	Netherlands	2006/2012
SAMEA3503647	SYLPH_RESULTS_FAIL	unknown		
SAMEA4948870	PASS	Neisseria meningitidis		
SAMEA110070748	PASS	Neisseria meningitidis		
SAMEA2673836	PASS	Neisseria meningitidis		
SAMEA2738431	CHECKM2_MAX_CONTAM,SYLPH_RESULTS_FAIL	unknown		
SAMEA3879332	PASS	Neisseria meningitidis		
SAMEA7741059	PASS	Neisseria meningitidis		
SAMEA7838274	PASS	Neisseria meningitidis		
SAMEA7838682	PASS	Neisseria meningitidis		
SAMEA7838806	PASS	Neisseria meningitidis		
SAMEA2629229	PASS	Neisseria meningitidis		
SAMEA4948114	PASS	Neisseria meningitidis		
SAMEA4948677	PASS	Neisseria meningitidis		
SAMEA4948776	PASS	Neisseria meningitidis		
SAMEA7838961	PASS	Neisseria meningitidis		
SAMEA8114241	PASS	Neisseria meningitidis		
SAMEA2048034	PASS	Neisseria meningitidis	United Kingdom	2012
SAMEA2271456	PASS	Neisseria meningitidis		
SAMEA7838549	PASS	Neisseria meningitidis		
SAMEA8114157	PASS	Neisseria meningitidis		
SAMEA8114274	PASS	Neisseria meningitidis		
SAMEA8114298	PASS	Neisseria meningitidis		
SAMEA8497715	PASS	Neisseria meningitidis		
SAMEA7838341	PASS	Neisseria meningitidis		
SAMEA7838912	PASS	Neisseria meningitidis		
SAMN44030970	PASS	Neisseria meningitidis	New Zealand	2007
SAMEA7741161	PASS	Neisseria meningitidis		
SAMEA7838261	PASS	Neisseria meningitidis		
SAMEA2820816	PASS	Neisseria meningitidis		
SAMEA7838920	PASS	Neisseria meningitidis		
SAMEA3432104	PASS	Neisseria meningitidis		
SAMEA3432230	PASS	Neisseria meningitidis		
SAMEA3503532	PASS	Neisseria meningitidis		
SAMEA7741031	PASS	Neisseria meningitidis		
SAMEA7838546	PASS	Neisseria meningitidis		
SAMEA8114269	PASS	Neisseria meningitidis		
SAMN02603997	PASS	Neisseria meningitidis		
SAMN35339243	PASS	Neisseria meningitidis	New Zealand	1990
